Workbook
Name ChungChi: [1]ViTriLamViec!#REF!
Name ChungChi: [1]ViTriLamViec!#REF!
Name ChuyenNghanh: [1]DM_NganhDT!#REF!
Name ChuyenNghanh: [1]DM_NganhDT!#REF!
Name CoSoDaoTao: #REF!
Name CoSoDaoTao: #REF!
Name CoSoDaoTao_: #REF!
Name DanhMucPhong: #REF!
Name DanhMucPhong: #REF!
Name DanToc: [1]DanToc!#REF!
Name DanToc: [1]DanToc!#REF!

Sheet Ke hoach giảng dạy CNTT
A1: TRƯỜNG ĐẠI HỌC VĂN LANG
A2: KHOA CÔNG NGHỆ THÔNG TIN
A4: KẾ HOẠCH ĐÀO TẠO NGÀNH CÔNG NGHỆ THÔNG TIN - KHÓA 30 | N4: =SUM(N9:N100) -> 126
E6: 2 | F6: 4 | G6: 5 | H6: 6 | I6: 7 | J6: 8 | K6: 9 | L6: 10 | M6: 11
A7: TT | B7: Phân bổ học kỳ | C7: Năm Thứ | D7: Mã học phần | E7: Tên học phần (Tiếng Việt) | F7: Số tín chỉ | G7: Số tiết/giờ | K7: Bắt buộc/Tự chọn | L7: ĐK tiên quyết | M7: ĐK học trước | N7: Số TC/ HK | O7: Ghi chú
G8: LT | H8: TH | I8: ĐA | J8: TT
A9: HK241 1 | B9: 1 | C9: 1 | D9: 71ENG110013 | E9: =VLOOKUP($D9,'[2]Khung_CTĐT_CNTT_K30 (2024)'!$B$10:$L$96,'Ke hoach giảng dạy CNTT'!E$6,0) -> Anh văn 1 (AV1) | F9: =VLOOKUP($D9,'[2]Khung_CTĐT_CNTT_K30 (2024)'!$B$10:$L$96,'Ke hoach giảng dạy CNTT'!F$6,0) -> 3 | G9: =VLOOKUP($D9,'[2]Khung_CTĐT_CNTT_K30 (2024)'!$B$10:$L$96,'Ke hoach giảng dạy CNTT'!G$6,0) -> 30 | H9: =VLOOKUP($D9,'[2]Khung_CTĐT_CNTT_K30 (2024)'!$B$10:$L$96,'Ke hoach giảng dạy CNTT'!H$6,0) -> 30 | I9: =VLOOKUP($D9,'[2]Khung_CTĐT_CNTT_K30 (2024)'!$B$10:$L$96,'Ke hoach giảng dạy CNTT'!I$6,0) -> 0 | J9: =VLOOKUP($D9,'[2]Khung_CTĐT_CNTT_K30 (2024)'!$B$10:$L$96,'Ke hoach giảng dạy CNTT'!J$6,0) -> 0 | K9: =VLOOKUP($D9,'[2]Khung_CTĐT_CNTT_K30 (2024)'!$B$10:$L$96,'Ke hoach giảng dạy CNTT'!K$6,0) -> BB | L9: =VLOOKUP($D9,'[2]Khung_CTĐT_CNTT_K30 (2024)'!$B$10:$L$96,'Ke hoach giảng dạy CNTT'!L$6,0) -> [71ENG010012]Anh văn dự bị (AV0) | M9: =VLOOKUP($D9,'[2]Khung_CTĐT_CNTT_K30 (2024)'!$B$10:$L$96,'Ke hoach giảng dạy CNTT'!M$6,0) -> Không | N9: =SUM(F9:F12) -> 12 | P9: 12 | Q9: 1
B10: 1 | C10: 1 | D10: 71ITBS10103 | E10: =VLOOKUP($D10,'[2]Khung_CTĐT_CNTT_K30 (2024)'!$B$10:$L$96,'Ke hoach giảng dạy CNTT'!E$6,0) -> Nhập môn Công nghệ thông tin | F10: =VLOOKUP($D10,'[2]Khung_CTĐT_CNTT_K30 (2024)'!$B$10:$L$96,'Ke hoach giảng dạy CNTT'!F$6,0) -> 3 | G10: =VLOOKUP($D10,'[2]Khung_CTĐT_CNTT_K30 (2024)'!$B$10:$L$96,'Ke hoach giảng dạy CNTT'!G$6,0) -> 30 | H10: =VLOOKUP($D10,'[2]Khung_CTĐT_CNTT_K30 (2024)'!$B$10:$L$96,'Ke hoach giảng dạy CNTT'!H$6,0) -> 30 | I10: =VLOOKUP($D10,'[2]Khung_CTĐT_CNTT_K30 (2024)'!$B$10:$L$96,'Ke hoach giảng dạy CNTT'!I$6,0) -> 0 | J10: =VLOOKUP($D10,'[2]Khung_CTĐT_CNTT_K30 (2024)'!$B$10:$L$96,'Ke hoach giảng dạy CNTT'!J$6,0) -> 0 | K10: =VLOOKUP($D10,'[2]Khung_CTĐT_CNTT_K30 (2024)'!$B$10:$L$96,'Ke hoach giảng dạy CNTT'!K$6,0) -> BB | L10: =VLOOKUP($D10,'[2]Khung_CTĐT_CNTT_K30 (2024)'!$B$10:$L$96,'Ke hoach giảng dạy CNTT'!L$6,0) -> Không | M10: =VLOOKUP($D10,'[2]Khung_CTĐT_CNTT_K30 (2024)'!$B$10:$L$96,'Ke hoach giảng dạy CNTT'!M$6,0) -> Không | Q10: =Q9 -> 1 | R10: =IFERROR(VLOOKUP(D10,$D$9:D9,1,0),"")
B11: 1 | C11: 1 | D11: 71ITBS10203 | E11: =VLOOKUP($D11,'[2]Khung_CTĐT_CNTT_K30 (2024)'!$B$10:$L$96,'Ke hoach giảng dạy CNTT'!E$6,0) -> Cơ sở lập trình | F11: =VLOOKUP($D11,'[2]Khung_CTĐT_CNTT_K30 (2024)'!$B$10:$L$96,'Ke hoach giảng dạy CNTT'!F$6,0) -> 3 | G11: =VLOOKUP($D11,'[2]Khung_CTĐT_CNTT_K30 (2024)'!$B$10:$L$96,'Ke hoach giảng dạy CNTT'!G$6,0) -> 30 | H11: =VLOOKUP($D11,'[2]Khung_CTĐT_CNTT_K30 (2024)'!$B$10:$L$96,'Ke hoach giảng dạy CNTT'!H$6,0) -> 30 | I11: =VLOOKUP($D11,'[2]Khung_CTĐT_CNTT_K30 (2024)'!$B$10:$L$96,'Ke hoach giảng dạy CNTT'!I$6,0) -> 0 | J11: =VLOOKUP($D11,'[2]Khung_CTĐT_CNTT_K30 (2024)'!$B$10:$L$96,'Ke hoach giảng dạy CNTT'!J$6,0) -> 0 | K11: =VLOOKUP($D11,'[2]Khung_CTĐT_CNTT_K30 (2024)'!$B$10:$L$96,'Ke hoach giảng dạy CNTT'!K$6,0) -> BB | L11: =VLOOKUP($D11,'[2]Khung_CTĐT_CNTT_K30 (2024)'!$B$10:$L$96,'Ke hoach giảng dạy CNTT'!L$6,0) -> Không | M11: =VLOOKUP($D11,'[2]Khung_CTĐT_CNTT_K30 (2024)'!$B$10:$L$96,'Ke hoach giảng dạy CNTT'!M$6,0) -> Không | Q11: =Q10 -> 1 | R11: =IFERROR(VLOOKUP(D11,$D$9:D10,1,0),"")
B12: 1 | C12: 1 | D12: 71SSK110023 | E12: =VLOOKUP($D12,'[2]Khung_CTĐT_CNTT_K30 (2024)'!$B$10:$L$96,'Ke hoach giảng dạy CNTT'!E$6,0) -> Kỹ năng công dân toàn cầu | F12: =VLOOKUP($D12,'[2]Khung_CTĐT_CNTT_K30 (2024)'!$B$10:$L$96,'Ke hoach giảng dạy CNTT'!F$6,0) -> 3 | G12: =VLOOKUP($D12,'[2]Khung_CTĐT_CNTT_K30 (2024)'!$B$10:$L$96,'Ke hoach giảng dạy CNTT'!G$6,0) -> 45 | H12: =VLOOKUP($D12,'[2]Khung_CTĐT_CNTT_K30 (2024)'!$B$10:$L$96,'Ke hoach giảng dạy CNTT'!H$6,0) -> 0 | I12: =VLOOKUP($D12,'[2]Khung_CTĐT_CNTT_K30 (2024)'!$B$10:$L$96,'Ke hoach giảng dạy CNTT'!I$6,0) -> 0 | J12: =VLOOKUP($D12,'[2]Khung_CTĐT_CNTT_K30 (2024)'!$B$10:$L$96,'Ke hoach giảng dạy CNTT'!J$6,0) -> 0 | K12: =VLOOKUP($D12,'[2]Khung_CTĐT_CNTT_K30 (2024)'!$B$10:$L$96,'Ke hoach giảng dạy CNTT'!K$6,0) -> BB | L12: =VLOOKUP($D12,'[2]Khung_CTĐT_CNTT_K30 (2024)'!$B$10:$L$96,'Ke hoach giảng dạy CNTT'!L$6,0) -> Không | M12: =VLOOKUP($D12,'[2]Khung_CTĐT_CNTT_K30 (2024)'!$B$10:$L$96,'Ke hoach giảng dạy CNTT'!M$6,0) -> Không | Q12: =Q11 -> 1 | R12: =IFERROR(VLOOKUP(D12,$D$9:D11,1,0),"")
B13: 1 | C13: 1 | D13: 71NAD110013 | E13: =VLOOKUP($D13,'[2]Khung_CTĐT_CNTT_K30 (2024)'!$B$10:$L$96,'Ke hoach giảng dạy CNTT'!E$6,0) -> GDQP1: Đường lối QP và AN của ĐCSVN | F13: =VLOOKUP($D13,'[2]Khung_CTĐT_CNTT_K30 (2024)'!$B$10:$L$96,'Ke hoach giảng dạy CNTT'!F$6,0) -> 3 | G13: =VLOOKUP($D13,'[2]Khung_CTĐT_CNTT_K30 (2024)'!$B$10:$L$96,'Ke hoach giảng dạy CNTT'!G$6,0) -> 0 | H13: =VLOOKUP($D13,'[2]Khung_CTĐT_CNTT_K30 (2024)'!$B$10:$L$96,'Ke hoach giảng dạy CNTT'!H$6,0) -> 0 | I13: =VLOOKUP($D13,'[2]Khung_CTĐT_CNTT_K30 (2024)'!$B$10:$L$96,'Ke hoach giảng dạy CNTT'!I$6,0) -> 0 | J13: =VLOOKUP($D13,'[2]Khung_CTĐT_CNTT_K30 (2024)'!$B$10:$L$96,'Ke hoach giảng dạy CNTT'!J$6,0) -> 0 | K13: =VLOOKUP($D13,'[2]Khung_CTĐT_CNTT_K30 (2024)'!$B$10:$L$96,'Ke hoach giảng dạy CNTT'!K$6,0) -> BB | L13: =VLOOKUP($D13,'[2]Khung_CTĐT_CNTT_K30 (2024)'!$B$10:$L$96,'Ke hoach giảng dạy CNTT'!L$6,0) | M13: =VLOOKUP($D13,'[2]Khung_CTĐT_CNTT_K30 (2024)'!$B$10:$L$96,'Ke hoach giảng dạy CNTT'!M$6,0) | Q13: =Q12 -> 1 | R13: =IFERROR(VLOOKUP(D13,$D$9:D12,1,0),"")
B14: 1 | C14: 1 | D14: 71NAD210022 | E14: =VLOOKUP($D14,'[2]Khung_CTĐT_CNTT_K30 (2024)'!$B$10:$L$96,'Ke hoach giảng dạy CNTT'!E$6,0) -> GDQP2: Công tác quốc phòng và an ninh | F14: =VLOOKUP($D14,'[2]Khung_CTĐT_CNTT_K30 (2024)'!$B$10:$L$96,'Ke hoach giảng dạy CNTT'!F$6,0) -> 2 | G14: =VLOOKUP($D14,'[2]Khung_CTĐT_CNTT_K30 (2024)'!$B$10:$L$96,'Ke hoach giảng dạy CNTT'!G$6,0) -> 0 | H14: =VLOOKUP($D14,'[2]Khung_CTĐT_CNTT_K30 (2024)'!$B$10:$L$96,'Ke hoach giảng dạy CNTT'!H$6,0) -> 0 | I14: =VLOOKUP($D14,'[2]Khung_CTĐT_CNTT_K30 (2024)'!$B$10:$L$96,'Ke hoach giảng dạy CNTT'!I$6,0) -> 0 | J14: =VLOOKUP($D14,'[2]Khung_CTĐT_CNTT_K30 (2024)'!$B$10:$L$96,'Ke hoach giảng dạy CNTT'!J$6,0) -> 0 | K14: =VLOOKUP($D14,'[2]Khung_CTĐT_CNTT_K30 (2024)'!$B$10:$L$96,'Ke hoach giảng dạy CNTT'!K$6,0) -> BB | L14: =VLOOKUP($D14,'[2]Khung_CTĐT_CNTT_K30 (2024)'!$B$10:$L$96,'Ke hoach giảng dạy CNTT'!L$6,0) | M14: =VLOOKUP($D14,'[2]Khung_CTĐT_CNTT_K30 (2024)'!$B$10:$L$96,'Ke hoach giảng dạy CNTT'!M$6,0) | Q14: =Q13 -> 1 | R14: =IFERROR(VLOOKUP(D14,$D$9:D13,1,0),"")
B15: 1 | C15: 1 | D15: 71NAD310032 | E15: =VLOOKUP($D15,'[2]Khung_CTĐT_CNTT_K30 (2024)'!$B$10:$L$96,'Ke hoach giảng dạy CNTT'!E$6,0) -> GDQP3: Quân sự chung | F15: =VLOOKUP($D15,'[2]Khung_CTĐT_CNTT_K30 (2024)'!$B$10:$L$96,'Ke hoach giảng dạy CNTT'!F$6,0) -> 2 | G15: =VLOOKUP($D15,'[2]Khung_CTĐT_CNTT_K30 (2024)'!$B$10:$L$96,'Ke hoach giảng dạy CNTT'!G$6,0) -> 0 | H15: =VLOOKUP($D15,'[2]Khung_CTĐT_CNTT_K30 (2024)'!$B$10:$L$96,'Ke hoach giảng dạy CNTT'!H$6,0) -> 0 | I15: =VLOOKUP($D15,'[2]Khung_CTĐT_CNTT_K30 (2024)'!$B$10:$L$96,'Ke hoach giảng dạy CNTT'!I$6,0) -> 0 | J15: =VLOOKUP($D15,'[2]Khung_CTĐT_CNTT_K30 (2024)'!$B$10:$L$96,'Ke hoach giảng dạy CNTT'!J$6,0) -> 0 | K15: =VLOOKUP($D15,'[2]Khung_CTĐT_CNTT_K30 (2024)'!$B$10:$L$96,'Ke hoach giảng dạy CNTT'!K$6,0) -> BB | L15: =VLOOKUP($D15,'[2]Khung_CTĐT_CNTT_K30 (2024)'!$B$10:$L$96,'Ke hoach giảng dạy CNTT'!L$6,0) | M15: =VLOOKUP($D15,'[2]Khung_CTĐT_CNTT_K30 (2024)'!$B$10:$L$96,'Ke hoach giảng dạy CNTT'!M$6,0) | Q15: =Q14 -> 1 | R15: =IFERROR(VLOOKUP(D15,$D$9:D14,1,0),"")
B16: 1 | C16: 1 | D16: 71NAD410044 | E16: =VLOOKUP($D16,'[2]Khung_CTĐT_CNTT_K30 (2024)'!$B$10:$L$96,'Ke hoach giảng dạy CNTT'!E$6,0) -> GDQP4: Kỹ thuật chiến đấu bộ binh và chiến thuật | F16: =VLOOKUP($D16,'[2]Khung_CTĐT_CNTT_K30 (2024)'!$B$10:$L$96,'Ke hoach giảng dạy CNTT'!F$6,0) -> 4 | G16: =VLOOKUP($D16,'[2]Khung_CTĐT_CNTT_K30 (2024)'!$B$10:$L$96,'Ke hoach giảng dạy CNTT'!G$6,0) -> 0 | H16: =VLOOKUP($D16,'[2]Khung_CTĐT_CNTT_K30 (2024)'!$B$10:$L$96,'Ke hoach giảng dạy CNTT'!H$6,0) -> 0 | I16: =VLOOKUP($D16,'[2]Khung_CTĐT_CNTT_K30 (2024)'!$B$10:$L$96,'Ke hoach giảng dạy CNTT'!I$6,0) -> 0 | J16: =VLOOKUP($D16,'[2]Khung_CTĐT_CNTT_K30 (2024)'!$B$10:$L$96,'Ke hoach giảng dạy CNTT'!J$6,0) -> 0 | K16: =VLOOKUP($D16,'[2]Khung_CTĐT_CNTT_K30 (2024)'!$B$10:$L$96,'Ke hoach giảng dạy CNTT'!K$6,0) -> BB | L16: =VLOOKUP($D16,'[2]Khung_CTĐT_CNTT_K30 (2024)'!$B$10:$L$96,'Ke hoach giảng dạy CNTT'!L$6,0) | M16: =VLOOKUP($D16,'[2]Khung_CTĐT_CNTT_K30 (2024)'!$B$10:$L$96,'Ke hoach giảng dạy CNTT'!M$6,0) | Q16: =Q15 -> 1 | R16: =IFERROR(VLOOKUP(D16,$D$9:D15,1,0),"")
Q17: =Q16 -> 1 | R17: =IFERROR(VLOOKUP(D17,$D$9:D16,1,0),"")
A18: HK242 2 | B18: 2 | C18: 1 | D18: 71POLP10013 | E18: =VLOOKUP($D18,'[2]Khung_CTĐT_CNTT_K30 (2024)'!$B$10:$L$96,'Ke hoach giảng dạy CNTT'!E$6,0) -> Triết học Mác-Lênin | F18: =VLOOKUP($D18,'[2]Khung_CTĐT_CNTT_K30 (2024)'!$B$10:$L$96,'Ke hoach giảng dạy CNTT'!F$6,0) -> 3 | G18: =VLOOKUP($D18,'[2]Khung_CTĐT_CNTT_K30 (2024)'!$B$10:$L$96,'Ke hoach giảng dạy CNTT'!G$6,0) -> 45 | H18: =VLOOKUP($D18,'[2]Khung_CTĐT_CNTT_K30 (2024)'!$B$10:$L$96,'Ke hoach giảng dạy CNTT'!H$6,0) -> 0 | I18: =VLOOKUP($D18,'[2]Khung_CTĐT_CNTT_K30 (2024)'!$B$10:$L$96,'Ke hoach giảng dạy CNTT'!I$6,0) -> 0 | J18: =VLOOKUP($D18,'[2]Khung_CTĐT_CNTT_K30 (2024)'!$B$10:$L$96,'Ke hoach giảng dạy CNTT'!J$6,0) -> 0 | K18: =VLOOKUP($D18,'[2]Khung_CTĐT_CNTT_K30 (2024)'!$B$10:$L$96,'Ke hoach giảng dạy CNTT'!K$6,0) -> BB | L18: =VLOOKUP($D18,'[2]Khung_CTĐT_CNTT_K30 (2024)'!$B$10:$L$96,'Ke hoach giảng dạy CNTT'!L$6,0) -> Không | M18: =VLOOKUP($D18,'[2]Khung_CTĐT_CNTT_K30 (2024)'!$B$10:$L$96,'Ke hoach giảng dạy CNTT'!M$6,0) -> Không | N18: =SUM(F18:F22) -> 16 | P18: =P9+N18 -> 28 | Q18: 2 | R18: =IFERROR(VLOOKUP(D18,$D$9:D17,1,0),"")
B19: 2 | C19: 1 | D19: 71ENG210023 | E19: =VLOOKUP($D19,'[2]Khung_CTĐT_CNTT_K30 (2024)'!$B$10:$L$96,'Ke hoach giảng dạy CNTT'!E$6,0) -> Anh văn 2 (AV2) | F19: =VLOOKUP($D19,'[2]Khung_CTĐT_CNTT_K30 (2024)'!$B$10:$L$96,'Ke hoach giảng dạy CNTT'!F$6,0) -> 3 | G19: =VLOOKUP($D19,'[2]Khung_CTĐT_CNTT_K30 (2024)'!$B$10:$L$96,'Ke hoach giảng dạy CNTT'!G$6,0) -> 30 | H19: =VLOOKUP($D19,'[2]Khung_CTĐT_CNTT_K30 (2024)'!$B$10:$L$96,'Ke hoach giảng dạy CNTT'!H$6,0) -> 30 | I19: =VLOOKUP($D19,'[2]Khung_CTĐT_CNTT_K30 (2024)'!$B$10:$L$96,'Ke hoach giảng dạy CNTT'!I$6,0) -> 0 | J19: =VLOOKUP($D19,'[2]Khung_CTĐT_CNTT_K30 (2024)'!$B$10:$L$96,'Ke hoach giảng dạy CNTT'!J$6,0) -> 0 | K19: =VLOOKUP($D19,'[2]Khung_CTĐT_CNTT_K30 (2024)'!$B$10:$L$96,'Ke hoach giảng dạy CNTT'!K$6,0) -> BB | L19: =VLOOKUP($D19,'[2]Khung_CTĐT_CNTT_K30 (2024)'!$B$10:$L$96,'Ke hoach giảng dạy CNTT'!L$6,0) -> [71ENG110013]Anh văn 1 (AV1) | M19: =VLOOKUP($D19,'[2]Khung_CTĐT_CNTT_K30 (2024)'!$B$10:$L$96,'Ke hoach giảng dạy CNTT'!M$6,0) -> Không | Q19: =Q18 -> 2 | R19: =IFERROR(VLOOKUP(D19,$D$9:D18,1,0),"")
B20: 2 | C20: 1 | D20: 71ITMA10104 | E20: =VLOOKUP($D20,'[2]Khung_CTĐT_CNTT_K30 (2024)'!$B$10:$L$96,'Ke hoach giảng dạy CNTT'!E$6,0) -> Toán cao cấp và ứng dụng | F20: =VLOOKUP($D20,'[2]Khung_CTĐT_CNTT_K30 (2024)'!$B$10:$L$96,'Ke hoach giảng dạy CNTT'!F$6,0) -> 4 | G20: =VLOOKUP($D20,'[2]Khung_CTĐT_CNTT_K30 (2024)'!$B$10:$L$96,'Ke hoach giảng dạy CNTT'!G$6,0) -> 45 | H20: =VLOOKUP($D20,'[2]Khung_CTĐT_CNTT_K30 (2024)'!$B$10:$L$96,'Ke hoach giảng dạy CNTT'!H$6,0) -> 30 | I20: =VLOOKUP($D20,'[2]Khung_CTĐT_CNTT_K30 (2024)'!$B$10:$L$96,'Ke hoach giảng dạy CNTT'!I$6,0) -> 0 | J20: =VLOOKUP($D20,'[2]Khung_CTĐT_CNTT_K30 (2024)'!$B$10:$L$96,'Ke hoach giảng dạy CNTT'!J$6,0) -> 0 | K20: =VLOOKUP($D20,'[2]Khung_CTĐT_CNTT_K30 (2024)'!$B$10:$L$96,'Ke hoach giảng dạy CNTT'!K$6,0) -> BB | L20: =VLOOKUP($D20,'[2]Khung_CTĐT_CNTT_K30 (2024)'!$B$10:$L$96,'Ke hoach giảng dạy CNTT'!L$6,0) -> Không | M20: =VLOOKUP($D20,'[2]Khung_CTĐT_CNTT_K30 (2024)'!$B$10:$L$96,'Ke hoach giảng dạy CNTT'!M$6,0) -> Không | Q20: =Q19 -> 2 | R20: =IFERROR(VLOOKUP(D20,$D$9:D19,1,0),"")
B21: 2 | C21: 1 | D21: 71ITNW30103 | E21: =VLOOKUP($D21,'[2]Khung_CTĐT_CNTT_K30 (2024)'!$B$10:$L$96,'Ke hoach giảng dạy CNTT'!E$6,0) -> Nhập môn Mạng máy tính và điện toán đám mây | F21: =VLOOKUP($D21,'[2]Khung_CTĐT_CNTT_K30 (2024)'!$B$10:$L$96,'Ke hoach giảng dạy CNTT'!F$6,0) -> 3 | G21: =VLOOKUP($D21,'[2]Khung_CTĐT_CNTT_K30 (2024)'!$B$10:$L$96,'Ke hoach giảng dạy CNTT'!G$6,0) -> 30 | H21: =VLOOKUP($D21,'[2]Khung_CTĐT_CNTT_K30 (2024)'!$B$10:$L$96,'Ke hoach giảng dạy CNTT'!H$6,0) -> 30 | I21: =VLOOKUP($D21,'[2]Khung_CTĐT_CNTT_K30 (2024)'!$B$10:$L$96,'Ke hoach giảng dạy CNTT'!I$6,0) -> 0 | J21: =VLOOKUP($D21,'[2]Khung_CTĐT_CNTT_K30 (2024)'!$B$10:$L$96,'Ke hoach giảng dạy CNTT'!J$6,0) -> 0 | K21: =VLOOKUP($D21,'[2]Khung_CTĐT_CNTT_K30 (2024)'!$B$10:$L$96,'Ke hoach giảng dạy CNTT'!K$6,0) -> BB | L21: =VLOOKUP($D21,'[2]Khung_CTĐT_CNTT_K30 (2024)'!$B$10:$L$96,'Ke hoach giảng dạy CNTT'!L$6,0) -> Không | M21: =VLOOKUP($D21,'[2]Khung_CTĐT_CNTT_K30 (2024)'!$B$10:$L$96,'Ke hoach giảng dạy CNTT'!M$6,0) -> Không | Q21: =Q20 -> 2 | R21: =IFERROR(VLOOKUP(D21,$D$9:D20,1,0),"")
B22: 2 | C22: 1 | D22: 71ITSE30103 | E22: =VLOOKUP($D22,'[2]Khung_CTĐT_CNTT_K30 (2024)'!$B$10:$L$96,'Ke hoach giảng dạy CNTT'!E$6,0) -> Kỹ thuật lập trình | F22: =VLOOKUP($D22,'[2]Khung_CTĐT_CNTT_K30 (2024)'!$B$10:$L$96,'Ke hoach giảng dạy CNTT'!F$6,0) -> 3 | G22: =VLOOKUP($D22,'[2]Khung_CTĐT_CNTT_K30 (2024)'!$B$10:$L$96,'Ke hoach giảng dạy CNTT'!G$6,0) -> 30 | H22: =VLOOKUP($D22,'[2]Khung_CTĐT_CNTT_K30 (2024)'!$B$10:$L$96,'Ke hoach giảng dạy CNTT'!H$6,0) -> 30 | I22: =VLOOKUP($D22,'[2]Khung_CTĐT_CNTT_K30 (2024)'!$B$10:$L$96,'Ke hoach giảng dạy CNTT'!I$6,0) -> 0 | J22: =VLOOKUP($D22,'[2]Khung_CTĐT_CNTT_K30 (2024)'!$B$10:$L$96,'Ke hoach giảng dạy CNTT'!J$6,0) -> 0 | K22: =VLOOKUP($D22,'[2]Khung_CTĐT_CNTT_K30 (2024)'!$B$10:$L$96,'Ke hoach giảng dạy CNTT'!K$6,0) -> BB | L22: =VLOOKUP($D22,'[2]Khung_CTĐT_CNTT_K30 (2024)'!$B$10:$L$96,'Ke hoach giảng dạy CNTT'!L$6,0) -> Không | M22: =VLOOKUP($D22,'[2]Khung_CTĐT_CNTT_K30 (2024)'!$B$10:$L$96,'Ke hoach giảng dạy CNTT'!M$6,0) -> [71ITBS10203]Cơ sở lập trình | Q22: =Q21 -> 2 | R22: =IFERROR(VLOOKUP(D22,$D$9:D21,1,0),"")
Q23: =Q22 -> 2 | R23: =IFERROR(VLOOKUP(D23,$D$9:D22,1,0),"")
A24: HK243 3 | B24: 3 | C24: 1 | D24: 71POLE10022 | E24: =VLOOKUP($D24,'[2]Khung_CTĐT_CNTT_K30 (2024)'!$B$10:$L$96,'Ke hoach giảng dạy CNTT'!E$6,0) -> Kinh tế chính trị Mác-Lênin | F24: =VLOOKUP($D24,'[2]Khung_CTĐT_CNTT_K30 (2024)'!$B$10:$L$96,'Ke hoach giảng dạy CNTT'!F$6,0) -> 2 | G24: =VLOOKUP($D24,'[2]Khung_CTĐT_CNTT_K30 (2024)'!$B$10:$L$96,'Ke hoach giảng dạy CNTT'!G$6,0) -> 30 | H24: =VLOOKUP($D24,'[2]Khung_CTĐT_CNTT_K30 (2024)'!$B$10:$L$96,'Ke hoach giảng dạy CNTT'!H$6,0) -> 0 | I24: =VLOOKUP($D24,'[2]Khung_CTĐT_CNTT_K30 (2024)'!$B$10:$L$96,'Ke hoach giảng dạy CNTT'!I$6,0) -> 0 | J24: =VLOOKUP($D24,'[2]Khung_CTĐT_CNTT_K30 (2024)'!$B$10:$L$96,'Ke hoach giảng dạy CNTT'!J$6,0) -> 0 | K24: =VLOOKUP($D24,'[2]Khung_CTĐT_CNTT_K30 (2024)'!$B$10:$L$96,'Ke hoach giảng dạy CNTT'!K$6,0) -> BB | L24: =VLOOKUP($D24,'[2]Khung_CTĐT_CNTT_K30 (2024)'!$B$10:$L$96,'Ke hoach giảng dạy CNTT'!L$6,0) -> Không | M24: =VLOOKUP($D24,'[2]Khung_CTĐT_CNTT_K30 (2024)'!$B$10:$L$96,'Ke hoach giảng dạy CNTT'!M$6,0) -> [71POLP10013]Triết học Mác-Lênin | N24: =SUM(F24:F28) -> 14 | P24: =P18+N24 -> 42 | Q24: 3 | R24: =IFERROR(VLOOKUP(D24,$D$9:D23,1,0),"")
B25: 3 | C25: 1 | D25: 71ENG310033 | E25: =VLOOKUP($D25,'[2]Khung_CTĐT_CNTT_K30 (2024)'!$B$10:$L$96,'Ke hoach giảng dạy CNTT'!E$6,0) -> Anh văn 3 (AV3) | F25: =VLOOKUP($D25,'[2]Khung_CTĐT_CNTT_K30 (2024)'!$B$10:$L$96,'Ke hoach giảng dạy CNTT'!F$6,0) -> 3 | G25: =VLOOKUP($D25,'[2]Khung_CTĐT_CNTT_K30 (2024)'!$B$10:$L$96,'Ke hoach giảng dạy CNTT'!G$6,0) -> 30 | H25: =VLOOKUP($D25,'[2]Khung_CTĐT_CNTT_K30 (2024)'!$B$10:$L$96,'Ke hoach giảng dạy CNTT'!H$6,0) -> 30 | I25: =VLOOKUP($D25,'[2]Khung_CTĐT_CNTT_K30 (2024)'!$B$10:$L$96,'Ke hoach giảng dạy CNTT'!I$6,0) -> 0 | J25: =VLOOKUP($D25,'[2]Khung_CTĐT_CNTT_K30 (2024)'!$B$10:$L$96,'Ke hoach giảng dạy CNTT'!J$6,0) -> 0 | K25: =VLOOKUP($D25,'[2]Khung_CTĐT_CNTT_K30 (2024)'!$B$10:$L$96,'Ke hoach giảng dạy CNTT'!K$6,0) -> BB | L25: =VLOOKUP($D25,'[2]Khung_CTĐT_CNTT_K30 (2024)'!$B$10:$L$96,'Ke hoach giảng dạy CNTT'!L$6,0) -> [71ENG210023]Anh văn 2 (AV2) | M25: =VLOOKUP($D25,'[2]Khung_CTĐT_CNTT_K30 (2024)'!$B$10:$L$96,'Ke hoach giảng dạy CNTT'!M$6,0) -> Không | Q25: =Q24 -> 3 | R25: =IFERROR(VLOOKUP(D25,$D$9:D24,1,0),"")
B26: 3 | C26: 1 | D26: 71ITIS30103 | E26: =VLOOKUP($D26,'[2]Khung_CTĐT_CNTT_K30 (2024)'!$B$10:$L$96,'Ke hoach giảng dạy CNTT'!E$6,0) -> Cơ sở dữ liệu | F26: =VLOOKUP($D26,'[2]Khung_CTĐT_CNTT_K30 (2024)'!$B$10:$L$96,'Ke hoach giảng dạy CNTT'!F$6,0) -> 3 | G26: =VLOOKUP($D26,'[2]Khung_CTĐT_CNTT_K30 (2024)'!$B$10:$L$96,'Ke hoach giảng dạy CNTT'!G$6,0) -> 30 | H26: =VLOOKUP($D26,'[2]Khung_CTĐT_CNTT_K30 (2024)'!$B$10:$L$96,'Ke hoach giảng dạy CNTT'!H$6,0) -> 30 | I26: =VLOOKUP($D26,'[2]Khung_CTĐT_CNTT_K30 (2024)'!$B$10:$L$96,'Ke hoach giảng dạy CNTT'!I$6,0) -> 0 | J26: =VLOOKUP($D26,'[2]Khung_CTĐT_CNTT_K30 (2024)'!$B$10:$L$96,'Ke hoach giảng dạy CNTT'!J$6,0) -> 0 | K26: =VLOOKUP($D26,'[2]Khung_CTĐT_CNTT_K30 (2024)'!$B$10:$L$96,'Ke hoach giảng dạy CNTT'!K$6,0) -> BB | L26: =VLOOKUP($D26,'[2]Khung_CTĐT_CNTT_K30 (2024)'!$B$10:$L$96,'Ke hoach giảng dạy CNTT'!L$6,0) -> Không | M26: =VLOOKUP($D26,'[2]Khung_CTĐT_CNTT_K30 (2024)'!$B$10:$L$96,'Ke hoach giảng dạy CNTT'!M$6,0) -> Không | Q26: =Q25 -> 3 | R26: =IFERROR(VLOOKUP(D26,$D$9:D25,1,0),"")
B27: 3 | C27: 1 | D27: 71ITSE30303 | E27: =VLOOKUP($D27,'[2]Khung_CTĐT_CNTT_K30 (2024)'!$B$10:$L$96,'Ke hoach giảng dạy CNTT'!E$6,0) -> Cấu trúc dữ liệu và giải thuật | F27: =VLOOKUP($D27,'[2]Khung_CTĐT_CNTT_K30 (2024)'!$B$10:$L$96,'Ke hoach giảng dạy CNTT'!F$6,0) -> 3 | G27: =VLOOKUP($D27,'[2]Khung_CTĐT_CNTT_K30 (2024)'!$B$10:$L$96,'Ke hoach giảng dạy CNTT'!G$6,0) -> 30 | H27: =VLOOKUP($D27,'[2]Khung_CTĐT_CNTT_K30 (2024)'!$B$10:$L$96,'Ke hoach giảng dạy CNTT'!H$6,0) -> 30 | I27: =VLOOKUP($D27,'[2]Khung_CTĐT_CNTT_K30 (2024)'!$B$10:$L$96,'Ke hoach giảng dạy CNTT'!I$6,0) -> 0 | J27: =VLOOKUP($D27,'[2]Khung_CTĐT_CNTT_K30 (2024)'!$B$10:$L$96,'Ke hoach giảng dạy CNTT'!J$6,0) -> 0 | K27: =VLOOKUP($D27,'[2]Khung_CTĐT_CNTT_K30 (2024)'!$B$10:$L$96,'Ke hoach giảng dạy CNTT'!K$6,0) -> BB | L27: =VLOOKUP($D27,'[2]Khung_CTĐT_CNTT_K30 (2024)'!$B$10:$L$96,'Ke hoach giảng dạy CNTT'!L$6,0) -> Không | M27: =VLOOKUP($D27,'[2]Khung_CTĐT_CNTT_K30 (2024)'!$B$10:$L$96,'Ke hoach giảng dạy CNTT'!M$6,0) -> [71ITBS10203]Cơ sở lập trình | Q27: =Q26 -> 3 | R27: =IFERROR(VLOOKUP(D27,$D$9:D26,1,0),"")
B28: 3 | C28: 1 | D28: 71MATL10053 | E28: =VLOOKUP($D28,'[2]Khung_CTĐT_CNTT_K30 (2024)'!$B$10:$L$96,'Ke hoach giảng dạy CNTT'!E$6,0) -> Đại số tuyến tính và ứng dụng | F28: =VLOOKUP($D28,'[2]Khung_CTĐT_CNTT_K30 (2024)'!$B$10:$L$96,'Ke hoach giảng dạy CNTT'!F$6,0) -> 3 | G28: =VLOOKUP($D28,'[2]Khung_CTĐT_CNTT_K30 (2024)'!$B$10:$L$96,'Ke hoach giảng dạy CNTT'!G$6,0) -> 30 | H28: =VLOOKUP($D28,'[2]Khung_CTĐT_CNTT_K30 (2024)'!$B$10:$L$96,'Ke hoach giảng dạy CNTT'!H$6,0) -> 30 | I28: =VLOOKUP($D28,'[2]Khung_CTĐT_CNTT_K30 (2024)'!$B$10:$L$96,'Ke hoach giảng dạy CNTT'!I$6,0) -> 0 | J28: =VLOOKUP($D28,'[2]Khung_CTĐT_CNTT_K30 (2024)'!$B$10:$L$96,'Ke hoach giảng dạy CNTT'!J$6,0) -> 0 | K28: =VLOOKUP($D28,'[2]Khung_CTĐT_CNTT_K30 (2024)'!$B$10:$L$96,'Ke hoach giảng dạy CNTT'!K$6,0) -> BB | L28: =VLOOKUP($D28,'[2]Khung_CTĐT_CNTT_K30 (2024)'!$B$10:$L$96,'Ke hoach giảng dạy CNTT'!L$6,0) -> Không | M28: =VLOOKUP($D28,'[2]Khung_CTĐT_CNTT_K30 (2024)'!$B$10:$L$96,'Ke hoach giảng dạy CNTT'!M$6,0) -> Không | Q28: =Q27 -> 3 | R28: =IFERROR(VLOOKUP(D28,$D$9:D27,1,0),"")
Q29: =Q28 -> 3 | R29: =IFERROR(VLOOKUP(D29,$D$9:D28,1,0),"")
A30: HK251 4 | B30: 1 | C30: 2 | N30: =SUM(F30:F34) -> 13 | P30: =P24+N30 -> 55 | Q30: 4 | R30: =IFERROR(VLOOKUP(D30,$D$9:D29,1,0),"")
B31: 1 | C31: 2 | D31: 71ENG410043 | E31: =VLOOKUP($D31,'[2]Khung_CTĐT_CNTT_K30 (2024)'!$B$10:$L$96,'Ke hoach giảng dạy CNTT'!E$6,0) -> Anh văn 4 (AV4) | F31: =VLOOKUP($D31,'[2]Khung_CTĐT_CNTT_K30 (2024)'!$B$10:$L$96,'Ke hoach giảng dạy CNTT'!F$6,0) -> 3 | G31: =VLOOKUP($D31,'[2]Khung_CTĐT_CNTT_K30 (2024)'!$B$10:$L$96,'Ke hoach giảng dạy CNTT'!G$6,0) -> 30 | H31: =VLOOKUP($D31,'[2]Khung_CTĐT_CNTT_K30 (2024)'!$B$10:$L$96,'Ke hoach giảng dạy CNTT'!H$6,0) -> 30 | I31: =VLOOKUP($D31,'[2]Khung_CTĐT_CNTT_K30 (2024)'!$B$10:$L$96,'Ke hoach giảng dạy CNTT'!I$6,0) -> 0 | J31: =VLOOKUP($D31,'[2]Khung_CTĐT_CNTT_K30 (2024)'!$B$10:$L$96,'Ke hoach giảng dạy CNTT'!J$6,0) -> 0 | K31: =VLOOKUP($D31,'[2]Khung_CTĐT_CNTT_K30 (2024)'!$B$10:$L$96,'Ke hoach giảng dạy CNTT'!K$6,0) -> BB | L31: =VLOOKUP($D31,'[2]Khung_CTĐT_CNTT_K30 (2024)'!$B$10:$L$96,'Ke hoach giảng dạy CNTT'!L$6,0) -> [71ENG310033]Anh văn 3 (AV3) | M31: =VLOOKUP($D31,'[2]Khung_CTĐT_CNTT_K30 (2024)'!$B$10:$L$96,'Ke hoach giảng dạy CNTT'!M$6,0) -> Không | Q31: =Q30 -> 4 | R31: =IFERROR(VLOOKUP(D31,$D$9:D30,1,0),"")
B32: 1 | C32: 2 | D32: 71ITMA10403 | E32: =VLOOKUP($D32,'[2]Khung_CTĐT_CNTT_K30 (2024)'!$B$10:$L$96,'Ke hoach giảng dạy CNTT'!E$6,0) -> Toán rời rạc | F32: =VLOOKUP($D32,'[2]Khung_CTĐT_CNTT_K30 (2024)'!$B$10:$L$96,'Ke hoach giảng dạy CNTT'!F$6,0) -> 4 | G32: =VLOOKUP($D32,'[2]Khung_CTĐT_CNTT_K30 (2024)'!$B$10:$L$96,'Ke hoach giảng dạy CNTT'!G$6,0) -> 45 | H32: =VLOOKUP($D32,'[2]Khung_CTĐT_CNTT_K30 (2024)'!$B$10:$L$96,'Ke hoach giảng dạy CNTT'!H$6,0) -> 30 | I32: =VLOOKUP($D32,'[2]Khung_CTĐT_CNTT_K30 (2024)'!$B$10:$L$96,'Ke hoach giảng dạy CNTT'!I$6,0) -> 0 | J32: =VLOOKUP($D32,'[2]Khung_CTĐT_CNTT_K30 (2024)'!$B$10:$L$96,'Ke hoach giảng dạy CNTT'!J$6,0) -> 0 | K32: =VLOOKUP($D32,'[2]Khung_CTĐT_CNTT_K30 (2024)'!$B$10:$L$96,'Ke hoach giảng dạy CNTT'!K$6,0) -> BB | L32: =VLOOKUP($D32,'[2]Khung_CTĐT_CNTT_K30 (2024)'!$B$10:$L$96,'Ke hoach giảng dạy CNTT'!L$6,0) -> Không | M32: =VLOOKUP($D32,'[2]Khung_CTĐT_CNTT_K30 (2024)'!$B$10:$L$96,'Ke hoach giảng dạy CNTT'!M$6,0) -> [71ITMA10104]Toán cao cấp và ứng dụng | Q32: =Q31 -> 4 | R32: =IFERROR(VLOOKUP(D32,$D$9:D31,1,0),"")
B33: 1 | C33: 2 | D33: 71ITSE30203 | E33: =VLOOKUP($D33,'[2]Khung_CTĐT_CNTT_K30 (2024)'!$B$10:$L$96,'Ke hoach giảng dạy CNTT'!E$6,0) -> Lập trình hướng đối tượng | F33: =VLOOKUP($D33,'[2]Khung_CTĐT_CNTT_K30 (2024)'!$B$10:$L$96,'Ke hoach giảng dạy CNTT'!F$6,0) -> 3 | G33: =VLOOKUP($D33,'[2]Khung_CTĐT_CNTT_K30 (2024)'!$B$10:$L$96,'Ke hoach giảng dạy CNTT'!G$6,0) -> 30 | H33: =VLOOKUP($D33,'[2]Khung_CTĐT_CNTT_K30 (2024)'!$B$10:$L$96,'Ke hoach giảng dạy CNTT'!H$6,0) -> 30 | I33: =VLOOKUP($D33,'[2]Khung_CTĐT_CNTT_K30 (2024)'!$B$10:$L$96,'Ke hoach giảng dạy CNTT'!I$6,0) -> 0 | J33: =VLOOKUP($D33,'[2]Khung_CTĐT_CNTT_K30 (2024)'!$B$10:$L$96,'Ke hoach giảng dạy CNTT'!J$6,0) -> 0 | K33: =VLOOKUP($D33,'[2]Khung_CTĐT_CNTT_K30 (2024)'!$B$10:$L$96,'Ke hoach giảng dạy CNTT'!K$6,0) -> BB | L33: =VLOOKUP($D33,'[2]Khung_CTĐT_CNTT_K30 (2024)'!$B$10:$L$96,'Ke hoach giảng dạy CNTT'!L$6,0) -> Không | M33: =VLOOKUP($D33,'[2]Khung_CTĐT_CNTT_K30 (2024)'!$B$10:$L$96,'Ke hoach giảng dạy CNTT'!M$6,0) -> [71ITBS10203]Cơ sở lập trình | Q33: =Q32 -> 4 | R33: =IFERROR(VLOOKUP(D33,$D$9:D32,1,0),"")
B34: 1 | C34: 2 | D34: 71ITSE30503 | E34: =VLOOKUP($D34,'[2]Khung_CTĐT_CNTT_K30 (2024)'!$B$10:$L$96,'Ke hoach giảng dạy CNTT'!E$6,0) -> Lập trình ứng dụng Web | F34: =VLOOKUP($D34,'[2]Khung_CTĐT_CNTT_K30 (2024)'!$B$10:$L$96,'Ke hoach giảng dạy CNTT'!F$6,0) -> 3 | G34: =VLOOKUP($D34,'[2]Khung_CTĐT_CNTT_K30 (2024)'!$B$10:$L$96,'Ke hoach giảng dạy CNTT'!G$6,0) -> 30 | H34: =VLOOKUP($D34,'[2]Khung_CTĐT_CNTT_K30 (2024)'!$B$10:$L$96,'Ke hoach giảng dạy CNTT'!H$6,0) -> 30 | I34: =VLOOKUP($D34,'[2]Khung_CTĐT_CNTT_K30 (2024)'!$B$10:$L$96,'Ke hoach giảng dạy CNTT'!I$6,0) -> 0 | J34: =VLOOKUP($D34,'[2]Khung_CTĐT_CNTT_K30 (2024)'!$B$10:$L$96,'Ke hoach giảng dạy CNTT'!J$6,0) -> 0 | K34: =VLOOKUP($D34,'[2]Khung_CTĐT_CNTT_K30 (2024)'!$B$10:$L$96,'Ke hoach giảng dạy CNTT'!K$6,0) -> BB | L34: =VLOOKUP($D34,'[2]Khung_CTĐT_CNTT_K30 (2024)'!$B$10:$L$96,'Ke hoach giảng dạy CNTT'!L$6,0) -> Không | M34: =VLOOKUP($D34,'[2]Khung_CTĐT_CNTT_K30 (2024)'!$B$10:$L$96,'Ke hoach giảng dạy CNTT'!M$6,0) -> [71ITBS10203]Cơ sở lập trình | Q34: =Q33 -> 4 | R34: =IFERROR(VLOOKUP(D34,$D$9:D33,1,0),"")
A35: HK252 5 | B35: 2 | D35: 71POLS10032 | E35: =VLOOKUP($D35,'[2]Khung_CTĐT_CNTT_K30 (2024)'!$B$10:$L$96,'Ke hoach giảng dạy CNTT'!E$6,0) -> Chủ nghĩa xã hội khoa học | F35: =VLOOKUP($D35,'[2]Khung_CTĐT_CNTT_K30 (2024)'!$B$10:$L$96,'Ke hoach giảng dạy CNTT'!F$6,0) -> 2 | G35: =VLOOKUP($D35,'[2]Khung_CTĐT_CNTT_K30 (2024)'!$B$10:$L$96,'Ke hoach giảng dạy CNTT'!G$6,0) -> 30 | H35: =VLOOKUP($D35,'[2]Khung_CTĐT_CNTT_K30 (2024)'!$B$10:$L$96,'Ke hoach giảng dạy CNTT'!H$6,0) -> 0 | I35: =VLOOKUP($D35,'[2]Khung_CTĐT_CNTT_K30 (2024)'!$B$10:$L$96,'Ke hoach giảng dạy CNTT'!I$6,0) -> 0 | J35: =VLOOKUP($D35,'[2]Khung_CTĐT_CNTT_K30 (2024)'!$B$10:$L$96,'Ke hoach giảng dạy CNTT'!J$6,0) -> 0 | K35: =VLOOKUP($D35,'[2]Khung_CTĐT_CNTT_K30 (2024)'!$B$10:$L$96,'Ke hoach giảng dạy CNTT'!K$6,0) -> BB | L35: =VLOOKUP($D35,'[2]Khung_CTĐT_CNTT_K30 (2024)'!$B$10:$L$96,'Ke hoach giảng dạy CNTT'!L$6,0) -> Không | M35: =VLOOKUP($D35,'[2]Khung_CTĐT_CNTT_K30 (2024)'!$B$10:$L$96,'Ke hoach giảng dạy CNTT'!M$6,0) -> [71POLP10013]Triết học Mác-Lênin | N35: =SUM(F35:F37)+6 -> 14 | P35: =P30+N35 -> 69 | Q35: 5 | R35: =IFERROR(VLOOKUP(D35,$D$9:D34,1,0),"")
B36: 2 | C36: 2 | D36: 71ENG510053 | E36: =VLOOKUP($D36,'[2]Khung_CTĐT_CNTT_K30 (2024)'!$B$10:$L$96,'Ke hoach giảng dạy CNTT'!E$6,0) -> Anh văn 5 (AV5) | F36: =VLOOKUP($D36,'[2]Khung_CTĐT_CNTT_K30 (2024)'!$B$10:$L$96,'Ke hoach giảng dạy CNTT'!F$6,0) -> 3 | G36: =VLOOKUP($D36,'[2]Khung_CTĐT_CNTT_K30 (2024)'!$B$10:$L$96,'Ke hoach giảng dạy CNTT'!G$6,0) -> 30 | H36: =VLOOKUP($D36,'[2]Khung_CTĐT_CNTT_K30 (2024)'!$B$10:$L$96,'Ke hoach giảng dạy CNTT'!H$6,0) -> 30 | I36: =VLOOKUP($D36,'[2]Khung_CTĐT_CNTT_K30 (2024)'!$B$10:$L$96,'Ke hoach giảng dạy CNTT'!I$6,0) -> 0 | J36: =VLOOKUP($D36,'[2]Khung_CTĐT_CNTT_K30 (2024)'!$B$10:$L$96,'Ke hoach giảng dạy CNTT'!J$6,0) -> 0 | K36: =VLOOKUP($D36,'[2]Khung_CTĐT_CNTT_K30 (2024)'!$B$10:$L$96,'Ke hoach giảng dạy CNTT'!K$6,0) -> BB | L36: =VLOOKUP($D36,'[2]Khung_CTĐT_CNTT_K30 (2024)'!$B$10:$L$96,'Ke hoach giảng dạy CNTT'!L$6,0) -> [71ENG410043]Anh văn 4 (AV4) | M36: =VLOOKUP($D36,'[2]Khung_CTĐT_CNTT_K30 (2024)'!$B$10:$L$96,'Ke hoach giảng dạy CNTT'!M$6,0) -> Không | Q36: =Q35 -> 5 | R36: =IFERROR(VLOOKUP(D36,$D$9:D35,1,0),"")
B37: 2 | C37: 2 | D37: 71ITDS30103 | E37: =VLOOKUP($D37,'[2]Khung_CTĐT_CNTT_K30 (2024)'!$B$10:$L$96,'Ke hoach giảng dạy CNTT'!E$6,0) -> Các nền tảng phát triển phần mềm | F37: =VLOOKUP($D37,'[2]Khung_CTĐT_CNTT_K30 (2024)'!$B$10:$L$96,'Ke hoach giảng dạy CNTT'!F$6,0) -> 3 | G37: =VLOOKUP($D37,'[2]Khung_CTĐT_CNTT_K30 (2024)'!$B$10:$L$96,'Ke hoach giảng dạy CNTT'!G$6,0) -> 30 | H37: =VLOOKUP($D37,'[2]Khung_CTĐT_CNTT_K30 (2024)'!$B$10:$L$96,'Ke hoach giảng dạy CNTT'!H$6,0) -> 30 | I37: =VLOOKUP($D37,'[2]Khung_CTĐT_CNTT_K30 (2024)'!$B$10:$L$96,'Ke hoach giảng dạy CNTT'!I$6,0) -> 0 | J37: =VLOOKUP($D37,'[2]Khung_CTĐT_CNTT_K30 (2024)'!$B$10:$L$96,'Ke hoach giảng dạy CNTT'!J$6,0) -> 0 | K37: =VLOOKUP($D37,'[2]Khung_CTĐT_CNTT_K30 (2024)'!$B$10:$L$96,'Ke hoach giảng dạy CNTT'!K$6,0) -> BB | L37: =VLOOKUP($D37,'[2]Khung_CTĐT_CNTT_K30 (2024)'!$B$10:$L$96,'Ke hoach giảng dạy CNTT'!L$6,0) -> Không | M37: =VLOOKUP($D37,'[2]Khung_CTĐT_CNTT_K30 (2024)'!$B$10:$L$96,'Ke hoach giảng dạy CNTT'!M$6,0) -> [71ITBS10103]Nhập môn công nghệ thông tin | Q37: =Q36 -> 5 | R37: =IFERROR(VLOOKUP(D37,$D$9:D36,1,0),"")
C38: Chọn 2 trong 6 HP tự chọn Cơ sở ngành | Q38: =Q37 -> 5 | R38: =IFERROR(VLOOKUP(D38,$D$9:D37,1,0),"")
B39: 2 | C39: 2 | D39: 71ISBC30103 | E39: =VLOOKUP($D39,'[2]Khung_CTĐT_CNTT_K30 (2024)'!$B$10:$L$96,'Ke hoach giảng dạy CNTT'!E$6,0) -> Nhập môn Hệ thống thông tin | F39: =VLOOKUP($D39,'[2]Khung_CTĐT_CNTT_K30 (2024)'!$B$10:$L$96,'Ke hoach giảng dạy CNTT'!F$6,0) -> 3 | G39: =VLOOKUP($D39,'[2]Khung_CTĐT_CNTT_K30 (2024)'!$B$10:$L$96,'Ke hoach giảng dạy CNTT'!G$6,0) -> 30 | H39: =VLOOKUP($D39,'[2]Khung_CTĐT_CNTT_K30 (2024)'!$B$10:$L$96,'Ke hoach giảng dạy CNTT'!H$6,0) -> 30 | I39: =VLOOKUP($D39,'[2]Khung_CTĐT_CNTT_K30 (2024)'!$B$10:$L$96,'Ke hoach giảng dạy CNTT'!I$6,0) -> 0 | J39: =VLOOKUP($D39,'[2]Khung_CTĐT_CNTT_K30 (2024)'!$B$10:$L$96,'Ke hoach giảng dạy CNTT'!J$6,0) -> 0 | K39: =VLOOKUP($D39,'[2]Khung_CTĐT_CNTT_K30 (2024)'!$B$10:$L$96,'Ke hoach giảng dạy CNTT'!K$6,0) -> TC209 | L39: =VLOOKUP($D39,'[2]Khung_CTĐT_CNTT_K30 (2024)'!$B$10:$L$96,'Ke hoach giảng dạy CNTT'!L$6,0) -> Không | M39: =VLOOKUP($D39,'[2]Khung_CTĐT_CNTT_K30 (2024)'!$B$10:$L$96,'Ke hoach giảng dạy CNTT'!M$6,0) -> [71ITBS10103]Nhập môn công nghệ thông tin | Q39: =Q38 -> 5 | R39: =IFERROR(VLOOKUP(D39,$D$9:D38,1,0),"")
B40: 2 | C40: 2 | D40: 71ITNW30303 | E40: =VLOOKUP($D40,'[2]Khung_CTĐT_CNTT_K30 (2024)'!$B$10:$L$96,'Ke hoach giảng dạy CNTT'!E$6,0) -> An ninh Mạng máy tính | F40: =VLOOKUP($D40,'[2]Khung_CTĐT_CNTT_K30 (2024)'!$B$10:$L$96,'Ke hoach giảng dạy CNTT'!F$6,0) -> 3 | G40: =VLOOKUP($D40,'[2]Khung_CTĐT_CNTT_K30 (2024)'!$B$10:$L$96,'Ke hoach giảng dạy CNTT'!G$6,0) -> 30 | H40: =VLOOKUP($D40,'[2]Khung_CTĐT_CNTT_K30 (2024)'!$B$10:$L$96,'Ke hoach giảng dạy CNTT'!H$6,0) -> 30 | I40: =VLOOKUP($D40,'[2]Khung_CTĐT_CNTT_K30 (2024)'!$B$10:$L$96,'Ke hoach giảng dạy CNTT'!I$6,0) -> 0 | J40: =VLOOKUP($D40,'[2]Khung_CTĐT_CNTT_K30 (2024)'!$B$10:$L$96,'Ke hoach giảng dạy CNTT'!J$6,0) -> 0 | K40: =VLOOKUP($D40,'[2]Khung_CTĐT_CNTT_K30 (2024)'!$B$10:$L$96,'Ke hoach giảng dạy CNTT'!K$6,0) -> TC209 | L40: =VLOOKUP($D40,'[2]Khung_CTĐT_CNTT_K30 (2024)'!$B$10:$L$96,'Ke hoach giảng dạy CNTT'!L$6,0) -> Không | M40: =VLOOKUP($D40,'[2]Khung_CTĐT_CNTT_K30 (2024)'!$B$10:$L$96,'Ke hoach giảng dạy CNTT'!M$6,0) -> Không | Q40: =Q39 -> 5 | R40: =IFERROR(VLOOKUP(D40,$D$9:D39,1,0),"")
B41: 2 | C41: 2 | D41: 71ITDS40203 | E41: =VLOOKUP($D41,'[2]Khung_CTĐT_CNTT_K30 (2024)'!$B$10:$L$96,'Ke hoach giảng dạy CNTT'!E$6,0) -> Xác xuất thống kê ứng dụng | F41: =VLOOKUP($D41,'[2]Khung_CTĐT_CNTT_K30 (2024)'!$B$10:$L$96,'Ke hoach giảng dạy CNTT'!F$6,0) -> 3 | G41: =VLOOKUP($D41,'[2]Khung_CTĐT_CNTT_K30 (2024)'!$B$10:$L$96,'Ke hoach giảng dạy CNTT'!G$6,0) -> 30 | H41: =VLOOKUP($D41,'[2]Khung_CTĐT_CNTT_K30 (2024)'!$B$10:$L$96,'Ke hoach giảng dạy CNTT'!H$6,0) -> 30 | I41: =VLOOKUP($D41,'[2]Khung_CTĐT_CNTT_K30 (2024)'!$B$10:$L$96,'Ke hoach giảng dạy CNTT'!I$6,0) -> 0 | J41: =VLOOKUP($D41,'[2]Khung_CTĐT_CNTT_K30 (2024)'!$B$10:$L$96,'Ke hoach giảng dạy CNTT'!J$6,0) -> 0 | K41: =VLOOKUP($D41,'[2]Khung_CTĐT_CNTT_K30 (2024)'!$B$10:$L$96,'Ke hoach giảng dạy CNTT'!K$6,0) -> TC209 | L41: =VLOOKUP($D41,'[2]Khung_CTĐT_CNTT_K30 (2024)'!$B$10:$L$96,'Ke hoach giảng dạy CNTT'!L$6,0) -> Không | M41: =VLOOKUP($D41,'[2]Khung_CTĐT_CNTT_K30 (2024)'!$B$10:$L$96,'Ke hoach giảng dạy CNTT'!M$6,0) -> [71ITMA10403]Toán rời rạc | Q41: =Q40 -> 5 | R41: =IFERROR(VLOOKUP(D41,$D$9:D40,1,0),"")
B42: 2 | C42: 2 | D42: 71ITIS30303 | E42: =VLOOKUP($D42,'[2]Khung_CTĐT_CNTT_K30 (2024)'!$B$10:$L$96,'Ke hoach giảng dạy CNTT'!E$6,0) -> Quản lý Dự án Công nghệ Thông tin | F42: =VLOOKUP($D42,'[2]Khung_CTĐT_CNTT_K30 (2024)'!$B$10:$L$96,'Ke hoach giảng dạy CNTT'!F$6,0) -> 3 | G42: =VLOOKUP($D42,'[2]Khung_CTĐT_CNTT_K30 (2024)'!$B$10:$L$96,'Ke hoach giảng dạy CNTT'!G$6,0) -> 30 | H42: =VLOOKUP($D42,'[2]Khung_CTĐT_CNTT_K30 (2024)'!$B$10:$L$96,'Ke hoach giảng dạy CNTT'!H$6,0) -> 30 | I42: =VLOOKUP($D42,'[2]Khung_CTĐT_CNTT_K30 (2024)'!$B$10:$L$96,'Ke hoach giảng dạy CNTT'!I$6,0) -> 0 | J42: =VLOOKUP($D42,'[2]Khung_CTĐT_CNTT_K30 (2024)'!$B$10:$L$96,'Ke hoach giảng dạy CNTT'!J$6,0) -> 0 | K42: =VLOOKUP($D42,'[2]Khung_CTĐT_CNTT_K30 (2024)'!$B$10:$L$96,'Ke hoach giảng dạy CNTT'!K$6,0) -> TC209 | L42: =VLOOKUP($D42,'[2]Khung_CTĐT_CNTT_K30 (2024)'!$B$10:$L$96,'Ke hoach giảng dạy CNTT'!L$6,0) -> Không | M42: =VLOOKUP($D42,'[2]Khung_CTĐT_CNTT_K30 (2024)'!$B$10:$L$96,'Ke hoach giảng dạy CNTT'!M$6,0) -> [71ITBS10103]Nhập môn công nghệ thông tin | Q42: =Q40 -> 5 | R42: =IFERROR(VLOOKUP(D42,$D$9:D40,1,0),"")
B43: 2 | C43: 2 | D43: 71ITIS30203 | E43: =VLOOKUP($D43,'[2]Khung_CTĐT_CNTT_K30 (2024)'!$B$10:$L$96,'Ke hoach giảng dạy CNTT'!E$6,0) -> Hệ Quản trị Cơ sở dữ liệu | F43: =VLOOKUP($D43,'[2]Khung_CTĐT_CNTT_K30 (2024)'!$B$10:$L$96,'Ke hoach giảng dạy CNTT'!F$6,0) -> 3 | G43: =VLOOKUP($D43,'[2]Khung_CTĐT_CNTT_K30 (2024)'!$B$10:$L$96,'Ke hoach giảng dạy CNTT'!G$6,0) -> 30 | H43: =VLOOKUP($D43,'[2]Khung_CTĐT_CNTT_K30 (2024)'!$B$10:$L$96,'Ke hoach giảng dạy CNTT'!H$6,0) -> 30 | I43: =VLOOKUP($D43,'[2]Khung_CTĐT_CNTT_K30 (2024)'!$B$10:$L$96,'Ke hoach giảng dạy CNTT'!I$6,0) -> 0 | J43: =VLOOKUP($D43,'[2]Khung_CTĐT_CNTT_K30 (2024)'!$B$10:$L$96,'Ke hoach giảng dạy CNTT'!J$6,0) -> 0 | K43: =VLOOKUP($D43,'[2]Khung_CTĐT_CNTT_K30 (2024)'!$B$10:$L$96,'Ke hoach giảng dạy CNTT'!K$6,0) -> TC309 | L43: =VLOOKUP($D43,'[2]Khung_CTĐT_CNTT_K30 (2024)'!$B$10:$L$96,'Ke hoach giảng dạy CNTT'!L$6,0) -> Không | M43: =VLOOKUP($D43,'[2]Khung_CTĐT_CNTT_K30 (2024)'!$B$10:$L$96,'Ke hoach giảng dạy CNTT'!M$6,0) -> [71ITIS30103]Cơ sở dữ liệu | Q43: =Q41 -> 5 | R43: =IFERROR(VLOOKUP(D43,$D$9:D41,1,0),"")
B44: 2 | C44: 2 | D44: 71ITSE30403 | E44: =VLOOKUP($D44,'[2]Khung_CTĐT_CNTT_K30 (2024)'!$B$10:$L$96,'Ke hoach giảng dạy CNTT'!E$6,0) -> Lập trình ứng dụng Java | F44: =VLOOKUP($D44,'[2]Khung_CTĐT_CNTT_K30 (2024)'!$B$10:$L$96,'Ke hoach giảng dạy CNTT'!F$6,0) -> 3 | G44: =VLOOKUP($D44,'[2]Khung_CTĐT_CNTT_K30 (2024)'!$B$10:$L$96,'Ke hoach giảng dạy CNTT'!G$6,0) -> 30 | H44: =VLOOKUP($D44,'[2]Khung_CTĐT_CNTT_K30 (2024)'!$B$10:$L$96,'Ke hoach giảng dạy CNTT'!H$6,0) -> 30 | I44: =VLOOKUP($D44,'[2]Khung_CTĐT_CNTT_K30 (2024)'!$B$10:$L$96,'Ke hoach giảng dạy CNTT'!I$6,0) -> 0 | J44: =VLOOKUP($D44,'[2]Khung_CTĐT_CNTT_K30 (2024)'!$B$10:$L$96,'Ke hoach giảng dạy CNTT'!J$6,0) -> 0 | K44: =VLOOKUP($D44,'[2]Khung_CTĐT_CNTT_K30 (2024)'!$B$10:$L$96,'Ke hoach giảng dạy CNTT'!K$6,0) -> TC209 | L44: =VLOOKUP($D44,'[2]Khung_CTĐT_CNTT_K30 (2024)'!$B$10:$L$96,'Ke hoach giảng dạy CNTT'!L$6,0) -> Không | M44: =VLOOKUP($D44,'[2]Khung_CTĐT_CNTT_K30 (2024)'!$B$10:$L$96,'Ke hoach giảng dạy CNTT'!M$6,0) -> Không | Q44: =Q43 -> 5 | R44: =IFERROR(VLOOKUP(D44,$D$9:D43,1,0),"")
A45: HK253 6 | B45: 3 | N45: =SUM(F45:F47)+3+3 -> 12 | P45: =P35+N45 -> 81 | Q45: 6 | R45: =IFERROR(VLOOKUP(D45,$D$9:D44,1,0),"")
B46: 3 | C46: 2 | D46: 71ENG610063 | E46: =VLOOKUP($D46,'[2]Khung_CTĐT_CNTT_K30 (2024)'!$B$10:$L$96,'Ke hoach giảng dạy CNTT'!E$6,0) -> Anh văn 6 (AV6) | F46: =VLOOKUP($D46,'[2]Khung_CTĐT_CNTT_K30 (2024)'!$B$10:$L$96,'Ke hoach giảng dạy CNTT'!F$6,0) -> 3 | G46: =VLOOKUP($D46,'[2]Khung_CTĐT_CNTT_K30 (2024)'!$B$10:$L$96,'Ke hoach giảng dạy CNTT'!G$6,0) -> 45 | H46: =VLOOKUP($D46,'[2]Khung_CTĐT_CNTT_K30 (2024)'!$B$10:$L$96,'Ke hoach giảng dạy CNTT'!H$6,0) -> 0 | I46: =VLOOKUP($D46,'[2]Khung_CTĐT_CNTT_K30 (2024)'!$B$10:$L$96,'Ke hoach giảng dạy CNTT'!I$6,0) -> 0 | J46: =VLOOKUP($D46,'[2]Khung_CTĐT_CNTT_K30 (2024)'!$B$10:$L$96,'Ke hoach giảng dạy CNTT'!J$6,0) -> 0 | K46: =VLOOKUP($D46,'[2]Khung_CTĐT_CNTT_K30 (2024)'!$B$10:$L$96,'Ke hoach giảng dạy CNTT'!K$6,0) -> BB | L46: =VLOOKUP($D46,'[2]Khung_CTĐT_CNTT_K30 (2024)'!$B$10:$L$96,'Ke hoach giảng dạy CNTT'!L$6,0) -> [71ENG510053]Anh văn 5 (AV5) | M46: =VLOOKUP($D46,'[2]Khung_CTĐT_CNTT_K30 (2024)'!$B$10:$L$96,'Ke hoach giảng dạy CNTT'!M$6,0) -> Không | Q46: =Q45 -> 6 | R46: =IFERROR(VLOOKUP(D46,$D$9:D45,1,0),"")
B47: 3 | C47: 2 | D47: 71ITAI40103 | E47: =VLOOKUP($D47,'[2]Khung_CTĐT_CNTT_K30 (2024)'!$B$10:$L$96,'Ke hoach giảng dạy CNTT'!E$6,0) -> Nhập môn Trí tuệ nhân tạo | F47: =VLOOKUP($D47,'[2]Khung_CTĐT_CNTT_K30 (2024)'!$B$10:$L$96,'Ke hoach giảng dạy CNTT'!F$6,0) -> 3 | G47: =VLOOKUP($D47,'[2]Khung_CTĐT_CNTT_K30 (2024)'!$B$10:$L$96,'Ke hoach giảng dạy CNTT'!G$6,0) -> 30 | H47: =VLOOKUP($D47,'[2]Khung_CTĐT_CNTT_K30 (2024)'!$B$10:$L$96,'Ke hoach giảng dạy CNTT'!H$6,0) -> 30 | I47: =VLOOKUP($D47,'[2]Khung_CTĐT_CNTT_K30 (2024)'!$B$10:$L$96,'Ke hoach giảng dạy CNTT'!I$6,0) -> 0 | J47: =VLOOKUP($D47,'[2]Khung_CTĐT_CNTT_K30 (2024)'!$B$10:$L$96,'Ke hoach giảng dạy CNTT'!J$6,0) -> 0 | K47: =VLOOKUP($D47,'[2]Khung_CTĐT_CNTT_K30 (2024)'!$B$10:$L$96,'Ke hoach giảng dạy CNTT'!K$6,0) -> BB | L47: =VLOOKUP($D47,'[2]Khung_CTĐT_CNTT_K30 (2024)'!$B$10:$L$96,'Ke hoach giảng dạy CNTT'!L$6,0) -> Không | M47: =VLOOKUP($D47,'[2]Khung_CTĐT_CNTT_K30 (2024)'!$B$10:$L$96,'Ke hoach giảng dạy CNTT'!M$6,0) -> [71ITBS10203]Cơ sở lập trình | Q47: =Q46 -> 6 | R47: =IFERROR(VLOOKUP(D47,$D$9:D46,1,0),"")
C48: Chuyên ngành CNPM | Q48: =Q47 -> 6 | R48: =IFERROR(VLOOKUP(D48,$D$9:D47,1,0),"")
B49: 3 | C49: 2 | D49: 71ITSE41003 | E49: =VLOOKUP($D49,'[2]Khung_CTĐT_CNTT_K30 (2024)'!$B$10:$L$96,'Ke hoach giảng dạy CNTT'!E$6,0) -> Nhập môn Công nghệ phần mềm | F49: =VLOOKUP($D49,'[2]Khung_CTĐT_CNTT_K30 (2024)'!$B$10:$L$96,'Ke hoach giảng dạy CNTT'!F$6,0) -> 3 | G49: =VLOOKUP($D49,'[2]Khung_CTĐT_CNTT_K30 (2024)'!$B$10:$L$96,'Ke hoach giảng dạy CNTT'!G$6,0) -> 30 | H49: =VLOOKUP($D49,'[2]Khung_CTĐT_CNTT_K30 (2024)'!$B$10:$L$96,'Ke hoach giảng dạy CNTT'!H$6,0) -> 30 | I49: =VLOOKUP($D49,'[2]Khung_CTĐT_CNTT_K30 (2024)'!$B$10:$L$96,'Ke hoach giảng dạy CNTT'!I$6,0) -> 0 | J49: =VLOOKUP($D49,'[2]Khung_CTĐT_CNTT_K30 (2024)'!$B$10:$L$96,'Ke hoach giảng dạy CNTT'!J$6,0) -> 0 | K49: =VLOOKUP($D49,'[2]Khung_CTĐT_CNTT_K30 (2024)'!$B$10:$L$96,'Ke hoach giảng dạy CNTT'!K$6,0) -> BB | L49: =VLOOKUP($D49,'[2]Khung_CTĐT_CNTT_K30 (2024)'!$B$10:$L$96,'Ke hoach giảng dạy CNTT'!L$6,0) -> Không | M49: =VLOOKUP($D49,'[2]Khung_CTĐT_CNTT_K30 (2024)'!$B$10:$L$96,'Ke hoach giảng dạy CNTT'!M$6,0) -> [71ITBS10103]Nhập môn công nghệ thông tin | Q49: =Q48 -> 6 | R49: =IFERROR(VLOOKUP(D49,$D$9:D48,1,0),"")
C50: Chuyên ngành CNDL | Q50: =Q49 -> 6 | R50: =IFERROR(VLOOKUP(D50,$D$9:D49,1,0),"")
B51: 3 | C51: 2 | D51: 71ITDS40303 | E51: =VLOOKUP($D51,'[2]Khung_CTĐT_CNTT_K30 (2024)'!$B$10:$L$96,'Ke hoach giảng dạy CNTT'!E$6,0) -> Nhập môn Phân tích Dữ liệu lớn | F51: =VLOOKUP($D51,'[2]Khung_CTĐT_CNTT_K30 (2024)'!$B$10:$L$96,'Ke hoach giảng dạy CNTT'!F$6,0) -> 3 | G51: =VLOOKUP($D51,'[2]Khung_CTĐT_CNTT_K30 (2024)'!$B$10:$L$96,'Ke hoach giảng dạy CNTT'!G$6,0) -> 30 | H51: =VLOOKUP($D51,'[2]Khung_CTĐT_CNTT_K30 (2024)'!$B$10:$L$96,'Ke hoach giảng dạy CNTT'!H$6,0) -> 30 | I51: =VLOOKUP($D51,'[2]Khung_CTĐT_CNTT_K30 (2024)'!$B$10:$L$96,'Ke hoach giảng dạy CNTT'!I$6,0) -> 0 | J51: =VLOOKUP($D51,'[2]Khung_CTĐT_CNTT_K30 (2024)'!$B$10:$L$96,'Ke hoach giảng dạy CNTT'!J$6,0) -> 0 | K51: =VLOOKUP($D51,'[2]Khung_CTĐT_CNTT_K30 (2024)'!$B$10:$L$96,'Ke hoach giảng dạy CNTT'!K$6,0) -> BB | L51: =VLOOKUP($D51,'[2]Khung_CTĐT_CNTT_K30 (2024)'!$B$10:$L$96,'Ke hoach giảng dạy CNTT'!L$6,0) -> Không | M51: =VLOOKUP($D51,'[2]Khung_CTĐT_CNTT_K30 (2024)'!$B$10:$L$96,'Ke hoach giảng dạy CNTT'!M$6,0) -> Không | Q51: =Q50 -> 6 | R51: =IFERROR(VLOOKUP(D51,$D$9:D50,1,0),"")
C52: Chuyên ngành Trí tuệ Nhân tạo | Q52: =Q51 -> 6 | R52: =IFERROR(VLOOKUP(D52,$D$9:D51,1,0),"")
B53: 3 | C53: 2 | D53: 71ITAI40803 | E53: =VLOOKUP($D53,'[2]Khung_CTĐT_CNTT_K30 (2024)'!$B$10:$L$96,'Ke hoach giảng dạy CNTT'!E$6,0) -> Nhập môn xử lý ảnh số | F53: =VLOOKUP($D53,'[2]Khung_CTĐT_CNTT_K30 (2024)'!$B$10:$L$96,'Ke hoach giảng dạy CNTT'!F$6,0) -> 3 | G53: =VLOOKUP($D53,'[2]Khung_CTĐT_CNTT_K30 (2024)'!$B$10:$L$96,'Ke hoach giảng dạy CNTT'!G$6,0) -> 30 | H53: =VLOOKUP($D53,'[2]Khung_CTĐT_CNTT_K30 (2024)'!$B$10:$L$96,'Ke hoach giảng dạy CNTT'!H$6,0) -> 30 | I53: =VLOOKUP($D53,'[2]Khung_CTĐT_CNTT_K30 (2024)'!$B$10:$L$96,'Ke hoach giảng dạy CNTT'!I$6,0) -> 0 | J53: =VLOOKUP($D53,'[2]Khung_CTĐT_CNTT_K30 (2024)'!$B$10:$L$96,'Ke hoach giảng dạy CNTT'!J$6,0) -> 0 | K53: =VLOOKUP($D53,'[2]Khung_CTĐT_CNTT_K30 (2024)'!$B$10:$L$96,'Ke hoach giảng dạy CNTT'!K$6,0) -> BB | L53: =VLOOKUP($D53,'[2]Khung_CTĐT_CNTT_K30 (2024)'!$B$10:$L$96,'Ke hoach giảng dạy CNTT'!L$6,0) -> Không | M53: =VLOOKUP($D53,'[2]Khung_CTĐT_CNTT_K30 (2024)'!$B$10:$L$96,'Ke hoach giảng dạy CNTT'!M$6,0) -> Không | Q53: =Q52 -> 6 | R53: =IFERROR(VLOOKUP(D53,$D$9:D52,1,0),"")
C54: Chọn 1 trong 3 HP tự chọn Cơ sở ngành sau | Q54: =Q53 -> 6 | R54: =IFERROR(VLOOKUP(D54,$D$9:D53,1,0),"")
B55: 3 | C55: 2 | D55: 71NWSE40103 | E55: =VLOOKUP($D55,'[2]Khung_CTĐT_CNTT_K30 (2024)'!$B$10:$L$96,'Ke hoach giảng dạy CNTT'!E$6,0) -> Nhập môn hệ thống nhúng | F55: =VLOOKUP($D55,'[2]Khung_CTĐT_CNTT_K30 (2024)'!$B$10:$L$96,'Ke hoach giảng dạy CNTT'!F$6,0) -> 3 | G55: =VLOOKUP($D55,'[2]Khung_CTĐT_CNTT_K30 (2024)'!$B$10:$L$96,'Ke hoach giảng dạy CNTT'!G$6,0) -> 30 | H55: =VLOOKUP($D55,'[2]Khung_CTĐT_CNTT_K30 (2024)'!$B$10:$L$96,'Ke hoach giảng dạy CNTT'!H$6,0) -> 30 | I55: =VLOOKUP($D55,'[2]Khung_CTĐT_CNTT_K30 (2024)'!$B$10:$L$96,'Ke hoach giảng dạy CNTT'!I$6,0) -> 0 | J55: =VLOOKUP($D55,'[2]Khung_CTĐT_CNTT_K30 (2024)'!$B$10:$L$96,'Ke hoach giảng dạy CNTT'!J$6,0) -> 0 | K55: =VLOOKUP($D55,'[2]Khung_CTĐT_CNTT_K30 (2024)'!$B$10:$L$96,'Ke hoach giảng dạy CNTT'!K$6,0) -> TC209 | L55: =VLOOKUP($D55,'[2]Khung_CTĐT_CNTT_K30 (2024)'!$B$10:$L$96,'Ke hoach giảng dạy CNTT'!L$6,0) -> Không | M55: =VLOOKUP($D55,'[2]Khung_CTĐT_CNTT_K30 (2024)'!$B$10:$L$96,'Ke hoach giảng dạy CNTT'!M$6,0) -> Không | Q55: =Q54 -> 6 | R55: =IFERROR(VLOOKUP(D55,$D$9:D54,1,0),"")
B56: 3 | C56: 2 | D56: 71ITSE30903 | E56: =VLOOKUP($D56,'[2]Khung_CTĐT_CNTT_K30 (2024)'!$B$10:$L$96,'Ke hoach giảng dạy CNTT'!E$6,0) -> Thiết kế giao diện người dùng | F56: =VLOOKUP($D56,'[2]Khung_CTĐT_CNTT_K30 (2024)'!$B$10:$L$96,'Ke hoach giảng dạy CNTT'!F$6,0) -> 3 | G56: =VLOOKUP($D56,'[2]Khung_CTĐT_CNTT_K30 (2024)'!$B$10:$L$96,'Ke hoach giảng dạy CNTT'!G$6,0) -> 30 | H56: =VLOOKUP($D56,'[2]Khung_CTĐT_CNTT_K30 (2024)'!$B$10:$L$96,'Ke hoach giảng dạy CNTT'!H$6,0) -> 30 | I56: =VLOOKUP($D56,'[2]Khung_CTĐT_CNTT_K30 (2024)'!$B$10:$L$96,'Ke hoach giảng dạy CNTT'!I$6,0) -> 0 | J56: =VLOOKUP($D56,'[2]Khung_CTĐT_CNTT_K30 (2024)'!$B$10:$L$96,'Ke hoach giảng dạy CNTT'!J$6,0) -> 0 | K56: =VLOOKUP($D56,'[2]Khung_CTĐT_CNTT_K30 (2024)'!$B$10:$L$96,'Ke hoach giảng dạy CNTT'!K$6,0) -> TC209 | L56: =VLOOKUP($D56,'[2]Khung_CTĐT_CNTT_K30 (2024)'!$B$10:$L$96,'Ke hoach giảng dạy CNTT'!L$6,0) -> Không | M56: =VLOOKUP($D56,'[2]Khung_CTĐT_CNTT_K30 (2024)'!$B$10:$L$96,'Ke hoach giảng dạy CNTT'!M$6,0) -> Không | Q56: =Q55 -> 6 | R56: =IFERROR(VLOOKUP(D56,$D$9:D55,1,0),"")
B57: 3 | C57: 2 | D57: 71ITDS30203 | E57: =VLOOKUP($D57,'[2]Khung_CTĐT_CNTT_K30 (2024)'!$B$10:$L$96,'Ke hoach giảng dạy CNTT'!E$6,0) -> Nhập môn Phân tích Dữ liệu và Học sâu | F57: =VLOOKUP($D57,'[2]Khung_CTĐT_CNTT_K30 (2024)'!$B$10:$L$96,'Ke hoach giảng dạy CNTT'!F$6,0) -> 3 | G57: =VLOOKUP($D57,'[2]Khung_CTĐT_CNTT_K30 (2024)'!$B$10:$L$96,'Ke hoach giảng dạy CNTT'!G$6,0) -> 30 | H57: =VLOOKUP($D57,'[2]Khung_CTĐT_CNTT_K30 (2024)'!$B$10:$L$96,'Ke hoach giảng dạy CNTT'!H$6,0) -> 30 | I57: =VLOOKUP($D57,'[2]Khung_CTĐT_CNTT_K30 (2024)'!$B$10:$L$96,'Ke hoach giảng dạy CNTT'!I$6,0) -> 0 | J57: =VLOOKUP($D57,'[2]Khung_CTĐT_CNTT_K30 (2024)'!$B$10:$L$96,'Ke hoach giảng dạy CNTT'!J$6,0) -> 0 | K57: =VLOOKUP($D57,'[2]Khung_CTĐT_CNTT_K30 (2024)'!$B$10:$L$96,'Ke hoach giảng dạy CNTT'!K$6,0) -> TC209 | L57: =VLOOKUP($D57,'[2]Khung_CTĐT_CNTT_K30 (2024)'!$B$10:$L$96,'Ke hoach giảng dạy CNTT'!L$6,0) -> Không | M57: =VLOOKUP($D57,'[2]Khung_CTĐT_CNTT_K30 (2024)'!$B$10:$L$96,'Ke hoach giảng dạy CNTT'!M$6,0) -> Không | Q57: =Q56 -> 6 | R57: =IFERROR(VLOOKUP(D57,$D$9:D56,1,0),"")
Q58: =Q57 -> 6 | R58: =IFERROR(VLOOKUP(D58,$D$9:D57,1,0),"")
A59: HK261 7 | B59: 1 | C59: 3 | D59: 71ENG710073 | E59: =VLOOKUP($D59,'[2]Khung_CTĐT_CNTT_K30 (2024)'!$B$10:$L$96,'Ke hoach giảng dạy CNTT'!E$6,0) -> Anh văn 7 (AV7) | F59: =VLOOKUP($D59,'[2]Khung_CTĐT_CNTT_K30 (2024)'!$B$10:$L$96,'Ke hoach giảng dạy CNTT'!F$6,0) -> 3 | G59: =VLOOKUP($D59,'[2]Khung_CTĐT_CNTT_K30 (2024)'!$B$10:$L$96,'Ke hoach giảng dạy CNTT'!G$6,0) -> 45 | H59: =VLOOKUP($D59,'[2]Khung_CTĐT_CNTT_K30 (2024)'!$B$10:$L$96,'Ke hoach giảng dạy CNTT'!H$6,0) -> 0 | I59: =VLOOKUP($D59,'[2]Khung_CTĐT_CNTT_K30 (2024)'!$B$10:$L$96,'Ke hoach giảng dạy CNTT'!I$6,0) -> 0 | J59: =VLOOKUP($D59,'[2]Khung_CTĐT_CNTT_K30 (2024)'!$B$10:$L$96,'Ke hoach giảng dạy CNTT'!J$6,0) -> 0 | K59: =VLOOKUP($D59,'[2]Khung_CTĐT_CNTT_K30 (2024)'!$B$10:$L$96,'Ke hoach giảng dạy CNTT'!K$6,0) -> BB | L59: =VLOOKUP($D59,'[2]Khung_CTĐT_CNTT_K30 (2024)'!$B$10:$L$96,'Ke hoach giảng dạy CNTT'!L$6,0) -> [71ENG610063]Anh văn 6 (AV6) | M59: =VLOOKUP($D59,'[2]Khung_CTĐT_CNTT_K30 (2024)'!$B$10:$L$96,'Ke hoach giảng dạy CNTT'!M$6,0) -> Không | N59: =SUM(F59:F61)+6+3 -> 14 | P59: =P45+N59 -> 95 | Q59: 7 | R59: =IFERROR(VLOOKUP(D59,$D$9:D58,1,0),"")
B60: 1 | C60: 3 | D60: 71LAWG10012 | E60: =VLOOKUP($D60,'[2]Khung_CTĐT_CNTT_K30 (2024)'!$B$10:$L$96,'Ke hoach giảng dạy CNTT'!E$6,0) -> Pháp luật đại cương | F60: =VLOOKUP($D60,'[2]Khung_CTĐT_CNTT_K30 (2024)'!$B$10:$L$96,'Ke hoach giảng dạy CNTT'!F$6,0) -> 2 | G60: =VLOOKUP($D60,'[2]Khung_CTĐT_CNTT_K30 (2024)'!$B$10:$L$96,'Ke hoach giảng dạy CNTT'!G$6,0) -> 30 | H60: =VLOOKUP($D60,'[2]Khung_CTĐT_CNTT_K30 (2024)'!$B$10:$L$96,'Ke hoach giảng dạy CNTT'!H$6,0) -> 0 | I60: =VLOOKUP($D60,'[2]Khung_CTĐT_CNTT_K30 (2024)'!$B$10:$L$96,'Ke hoach giảng dạy CNTT'!I$6,0) -> 0 | J60: =VLOOKUP($D60,'[2]Khung_CTĐT_CNTT_K30 (2024)'!$B$10:$L$96,'Ke hoach giảng dạy CNTT'!J$6,0) -> 0 | K60: =VLOOKUP($D60,'[2]Khung_CTĐT_CNTT_K30 (2024)'!$B$10:$L$96,'Ke hoach giảng dạy CNTT'!K$6,0) -> BB | L60: =VLOOKUP($D60,'[2]Khung_CTĐT_CNTT_K30 (2024)'!$B$10:$L$96,'Ke hoach giảng dạy CNTT'!L$6,0) -> Không | M60: =VLOOKUP($D60,'[2]Khung_CTĐT_CNTT_K30 (2024)'!$B$10:$L$96,'Ke hoach giảng dạy CNTT'!M$6,0) -> Không | Q60: =Q59 -> 7 | R60: =IFERROR(VLOOKUP(D60,$D$9:D59,1,0),"")
B61: 1 | Q61: =Q60 -> 7 | R61: =IFERROR(VLOOKUP(D61,$D$9:D60,1,0),"")
C62: Chuyên ngành CNPM | Q62: =Q61 -> 7 | R62: =IFERROR(VLOOKUP(D62,$D$9:D61,1,0),"")
B63: 1 | C63: 3 | D63: 71ITSE41103 | E63: =VLOOKUP($D63,'[2]Khung_CTĐT_CNTT_K30 (2024)'!$B$10:$L$96,'Ke hoach giảng dạy CNTT'!E$6,0) -> Kỹ thuật lấy yêu cầu | F63: =VLOOKUP($D63,'[2]Khung_CTĐT_CNTT_K30 (2024)'!$B$10:$L$96,'Ke hoach giảng dạy CNTT'!F$6,0) -> 3 | G63: =VLOOKUP($D63,'[2]Khung_CTĐT_CNTT_K30 (2024)'!$B$10:$L$96,'Ke hoach giảng dạy CNTT'!G$6,0) -> 30 | H63: =VLOOKUP($D63,'[2]Khung_CTĐT_CNTT_K30 (2024)'!$B$10:$L$96,'Ke hoach giảng dạy CNTT'!H$6,0) -> 30 | I63: =VLOOKUP($D63,'[2]Khung_CTĐT_CNTT_K30 (2024)'!$B$10:$L$96,'Ke hoach giảng dạy CNTT'!I$6,0) -> 0 | J63: =VLOOKUP($D63,'[2]Khung_CTĐT_CNTT_K30 (2024)'!$B$10:$L$96,'Ke hoach giảng dạy CNTT'!J$6,0) -> 0 | K63: =VLOOKUP($D63,'[2]Khung_CTĐT_CNTT_K30 (2024)'!$B$10:$L$96,'Ke hoach giảng dạy CNTT'!K$6,0) -> BB | L63: =VLOOKUP($D63,'[2]Khung_CTĐT_CNTT_K30 (2024)'!$B$10:$L$96,'Ke hoach giảng dạy CNTT'!L$6,0) -> Không | M63: =VLOOKUP($D63,'[2]Khung_CTĐT_CNTT_K30 (2024)'!$B$10:$L$96,'Ke hoach giảng dạy CNTT'!M$6,0) -> [71ITSE41003]Nhập môn công nghệ phần mềm | Q63: =Q62 -> 7 | R63: =IFERROR(VLOOKUP(D63,$D$9:D62,1,0),"")
B64: 1 | C64: 3 | D64: 71ITSE41203 | E64: =VLOOKUP($D64,'[2]Khung_CTĐT_CNTT_K30 (2024)'!$B$10:$L$96,'Ke hoach giảng dạy CNTT'!E$6,0) -> Kiểm thử phần mềm | F64: =VLOOKUP($D64,'[2]Khung_CTĐT_CNTT_K30 (2024)'!$B$10:$L$96,'Ke hoach giảng dạy CNTT'!F$6,0) -> 3 | G64: =VLOOKUP($D64,'[2]Khung_CTĐT_CNTT_K30 (2024)'!$B$10:$L$96,'Ke hoach giảng dạy CNTT'!G$6,0) -> 30 | H64: =VLOOKUP($D64,'[2]Khung_CTĐT_CNTT_K30 (2024)'!$B$10:$L$96,'Ke hoach giảng dạy CNTT'!H$6,0) -> 30 | I64: =VLOOKUP($D64,'[2]Khung_CTĐT_CNTT_K30 (2024)'!$B$10:$L$96,'Ke hoach giảng dạy CNTT'!I$6,0) -> 0 | J64: =VLOOKUP($D64,'[2]Khung_CTĐT_CNTT_K30 (2024)'!$B$10:$L$96,'Ke hoach giảng dạy CNTT'!J$6,0) -> 0 | K64: =VLOOKUP($D64,'[2]Khung_CTĐT_CNTT_K30 (2024)'!$B$10:$L$96,'Ke hoach giảng dạy CNTT'!K$6,0) -> BB | L64: =VLOOKUP($D64,'[2]Khung_CTĐT_CNTT_K30 (2024)'!$B$10:$L$96,'Ke hoach giảng dạy CNTT'!L$6,0) -> Không | M64: =VLOOKUP($D64,'[2]Khung_CTĐT_CNTT_K30 (2024)'!$B$10:$L$96,'Ke hoach giảng dạy CNTT'!M$6,0) -> [71ITSE41003]Nhập môn công nghệ phần mềm | Q64: =Q63 -> 7 | R64: =IFERROR(VLOOKUP(D64,$D$9:D63,1,0),"")
C65: Chuyên ngành CNDL | Q65: =Q64 -> 7 | R65: =IFERROR(VLOOKUP(D65,$D$9:D64,1,0),"")
B66: 1 | C66: 3 | D66: 71ITAI40203 | E66: =VLOOKUP($D66,'[2]Khung_CTĐT_CNTT_K30 (2024)'!$B$10:$L$96,'Ke hoach giảng dạy CNTT'!E$6,0) -> Nhập môn học máy | F66: =VLOOKUP($D66,'[2]Khung_CTĐT_CNTT_K30 (2024)'!$B$10:$L$96,'Ke hoach giảng dạy CNTT'!F$6,0) -> 3 | G66: =VLOOKUP($D66,'[2]Khung_CTĐT_CNTT_K30 (2024)'!$B$10:$L$96,'Ke hoach giảng dạy CNTT'!G$6,0) -> 30 | H66: =VLOOKUP($D66,'[2]Khung_CTĐT_CNTT_K30 (2024)'!$B$10:$L$96,'Ke hoach giảng dạy CNTT'!H$6,0) -> 30 | I66: =VLOOKUP($D66,'[2]Khung_CTĐT_CNTT_K30 (2024)'!$B$10:$L$96,'Ke hoach giảng dạy CNTT'!I$6,0) -> 0 | J66: =VLOOKUP($D66,'[2]Khung_CTĐT_CNTT_K30 (2024)'!$B$10:$L$96,'Ke hoach giảng dạy CNTT'!J$6,0) -> 0 | K66: =VLOOKUP($D66,'[2]Khung_CTĐT_CNTT_K30 (2024)'!$B$10:$L$96,'Ke hoach giảng dạy CNTT'!K$6,0) -> BB | L66: =VLOOKUP($D66,'[2]Khung_CTĐT_CNTT_K30 (2024)'!$B$10:$L$96,'Ke hoach giảng dạy CNTT'!L$6,0) -> Không | M66: =VLOOKUP($D66,'[2]Khung_CTĐT_CNTT_K30 (2024)'!$B$10:$L$96,'Ke hoach giảng dạy CNTT'!M$6,0) -> [71ITDS40203]Xác xuất thống kê ứng dụng | Q66: =Q65 -> 7 | R66: =IFERROR(VLOOKUP(D66,$D$9:D65,1,0),"")
B67: 1 | C67: 3 | D67: 71ITAI40303 | E67: =VLOOKUP($D67,'[2]Khung_CTĐT_CNTT_K30 (2024)'!$B$10:$L$96,'Ke hoach giảng dạy CNTT'!E$6,0) -> Các hệ hỗ trợ ra quyết định | F67: =VLOOKUP($D67,'[2]Khung_CTĐT_CNTT_K30 (2024)'!$B$10:$L$96,'Ke hoach giảng dạy CNTT'!F$6,0) -> 3 | G67: =VLOOKUP($D67,'[2]Khung_CTĐT_CNTT_K30 (2024)'!$B$10:$L$96,'Ke hoach giảng dạy CNTT'!G$6,0) -> 30 | H67: =VLOOKUP($D67,'[2]Khung_CTĐT_CNTT_K30 (2024)'!$B$10:$L$96,'Ke hoach giảng dạy CNTT'!H$6,0) -> 30 | I67: =VLOOKUP($D67,'[2]Khung_CTĐT_CNTT_K30 (2024)'!$B$10:$L$96,'Ke hoach giảng dạy CNTT'!I$6,0) -> 0 | J67: =VLOOKUP($D67,'[2]Khung_CTĐT_CNTT_K30 (2024)'!$B$10:$L$96,'Ke hoach giảng dạy CNTT'!J$6,0) -> 0 | K67: =VLOOKUP($D67,'[2]Khung_CTĐT_CNTT_K30 (2024)'!$B$10:$L$96,'Ke hoach giảng dạy CNTT'!K$6,0) -> BB | L67: =VLOOKUP($D67,'[2]Khung_CTĐT_CNTT_K30 (2024)'!$B$10:$L$96,'Ke hoach giảng dạy CNTT'!L$6,0) -> Không | M67: =VLOOKUP($D67,'[2]Khung_CTĐT_CNTT_K30 (2024)'!$B$10:$L$96,'Ke hoach giảng dạy CNTT'!M$6,0) -> Không | Q67: =Q66 -> 7 | R67: =IFERROR(VLOOKUP(D67,$D$9:D66,1,0),"")
C68: Chuyên ngành Trí tuệ Nhân tạo | Q68: =Q67 -> 7 | R68: =IFERROR(VLOOKUP(D68,$D$9:D67,1,0),"")
B69: 1 | C69: 3 | D69: 71ITAI41203 | E69: =VLOOKUP($D69,'[2]Khung_CTĐT_CNTT_K30 (2024)'!$B$10:$L$96,'Ke hoach giảng dạy CNTT'!E$6,0) -> Học máy ứng dụng | F69: =VLOOKUP($D69,'[2]Khung_CTĐT_CNTT_K30 (2024)'!$B$10:$L$96,'Ke hoach giảng dạy CNTT'!F$6,0) -> 3 | G69: =VLOOKUP($D69,'[2]Khung_CTĐT_CNTT_K30 (2024)'!$B$10:$L$96,'Ke hoach giảng dạy CNTT'!G$6,0) -> 30 | H69: =VLOOKUP($D69,'[2]Khung_CTĐT_CNTT_K30 (2024)'!$B$10:$L$96,'Ke hoach giảng dạy CNTT'!H$6,0) -> 30 | I69: =VLOOKUP($D69,'[2]Khung_CTĐT_CNTT_K30 (2024)'!$B$10:$L$96,'Ke hoach giảng dạy CNTT'!I$6,0) -> 0 | J69: =VLOOKUP($D69,'[2]Khung_CTĐT_CNTT_K30 (2024)'!$B$10:$L$96,'Ke hoach giảng dạy CNTT'!J$6,0) -> 0 | K69: =VLOOKUP($D69,'[2]Khung_CTĐT_CNTT_K30 (2024)'!$B$10:$L$96,'Ke hoach giảng dạy CNTT'!K$6,0) -> BB | L69: =VLOOKUP($D69,'[2]Khung_CTĐT_CNTT_K30 (2024)'!$B$10:$L$96,'Ke hoach giảng dạy CNTT'!L$6,0) -> Không | M69: =VLOOKUP($D69,'[2]Khung_CTĐT_CNTT_K30 (2024)'!$B$10:$L$96,'Ke hoach giảng dạy CNTT'!M$6,0) -> [71ITDS40203]Xác xuất thống kê ứng dụng | Q69: =Q68 -> 7 | R69: =IFERROR(VLOOKUP(D69,$D$9:D68,1,0),"")
B70: 1 | C70: 3 | D70: 71ITAI40503 | E70: =VLOOKUP($D70,'[2]Khung_CTĐT_CNTT_K30 (2024)'!$B$10:$L$96,'Ke hoach giảng dạy CNTT'!E$6,0) -> Trí tuệ nhân tạo ứng dụng | F70: =VLOOKUP($D70,'[2]Khung_CTĐT_CNTT_K30 (2024)'!$B$10:$L$96,'Ke hoach giảng dạy CNTT'!F$6,0) -> 3 | G70: =VLOOKUP($D70,'[2]Khung_CTĐT_CNTT_K30 (2024)'!$B$10:$L$96,'Ke hoach giảng dạy CNTT'!G$6,0) -> 30 | H70: =VLOOKUP($D70,'[2]Khung_CTĐT_CNTT_K30 (2024)'!$B$10:$L$96,'Ke hoach giảng dạy CNTT'!H$6,0) -> 30 | I70: =VLOOKUP($D70,'[2]Khung_CTĐT_CNTT_K30 (2024)'!$B$10:$L$96,'Ke hoach giảng dạy CNTT'!I$6,0) -> 0 | J70: =VLOOKUP($D70,'[2]Khung_CTĐT_CNTT_K30 (2024)'!$B$10:$L$96,'Ke hoach giảng dạy CNTT'!J$6,0) -> 0 | K70: =VLOOKUP($D70,'[2]Khung_CTĐT_CNTT_K30 (2024)'!$B$10:$L$96,'Ke hoach giảng dạy CNTT'!K$6,0) -> BB | L70: =VLOOKUP($D70,'[2]Khung_CTĐT_CNTT_K30 (2024)'!$B$10:$L$96,'Ke hoach giảng dạy CNTT'!L$6,0) -> Không | M70: =VLOOKUP($D70,'[2]Khung_CTĐT_CNTT_K30 (2024)'!$B$10:$L$96,'Ke hoach giảng dạy CNTT'!M$6,0) -> [71ITDS40203]Xác xuất thống kê ứng dụng | Q70: =Q69 -> 7 | R70: =IFERROR(VLOOKUP(D70,$D$9:D69,1,0),"")
C71: Chọn 1 trong 3 HP tự chọn Chuyên ngành sau | Q71: =Q70 -> 7 | R71: =IFERROR(VLOOKUP(D71,$D$9:D70,1,0),"")
B72: 1 | C72: 3 | D72: 71ITSE30603 | E72: =VLOOKUP($D72,'[2]Khung_CTĐT_CNTT_K30 (2024)'!$B$10:$L$96,'Ke hoach giảng dạy CNTT'!E$6,0) -> Lập trình ứng dụng di động | F72: =VLOOKUP($D72,'[2]Khung_CTĐT_CNTT_K30 (2024)'!$B$10:$L$96,'Ke hoach giảng dạy CNTT'!F$6,0) -> 3 | G72: =VLOOKUP($D72,'[2]Khung_CTĐT_CNTT_K30 (2024)'!$B$10:$L$96,'Ke hoach giảng dạy CNTT'!G$6,0) -> 30 | H72: =VLOOKUP($D72,'[2]Khung_CTĐT_CNTT_K30 (2024)'!$B$10:$L$96,'Ke hoach giảng dạy CNTT'!H$6,0) -> 30 | I72: =VLOOKUP($D72,'[2]Khung_CTĐT_CNTT_K30 (2024)'!$B$10:$L$96,'Ke hoach giảng dạy CNTT'!I$6,0) -> 0 | J72: =VLOOKUP($D72,'[2]Khung_CTĐT_CNTT_K30 (2024)'!$B$10:$L$96,'Ke hoach giảng dạy CNTT'!J$6,0) -> 0 | K72: =VLOOKUP($D72,'[2]Khung_CTĐT_CNTT_K30 (2024)'!$B$10:$L$96,'Ke hoach giảng dạy CNTT'!K$6,0) -> TC309 | L72: =VLOOKUP($D72,'[2]Khung_CTĐT_CNTT_K30 (2024)'!$B$10:$L$96,'Ke hoach giảng dạy CNTT'!L$6,0) -> Không | M72: =VLOOKUP($D72,'[2]Khung_CTĐT_CNTT_K30 (2024)'!$B$10:$L$96,'Ke hoach giảng dạy CNTT'!M$6,0) -> [71ITBS10203]Cơ sở lập trình | Q72: =Q71 -> 7 | R72: =IFERROR(VLOOKUP(D72,$D$9:D71,1,0),"")
B73: 1 | C73: 3 | D73: 71ITAI51403 | E73: =VLOOKUP($D73,'[2]Khung_CTĐT_CNTT_K30 (2024)'!$B$10:$L$96,'Ke hoach giảng dạy CNTT'!E$6,0) -> Nhập môn tối ưu hóa | F73: =VLOOKUP($D73,'[2]Khung_CTĐT_CNTT_K30 (2024)'!$B$10:$L$96,'Ke hoach giảng dạy CNTT'!F$6,0) -> 3 | G73: =VLOOKUP($D73,'[2]Khung_CTĐT_CNTT_K30 (2024)'!$B$10:$L$96,'Ke hoach giảng dạy CNTT'!G$6,0) -> 30 | H73: =VLOOKUP($D73,'[2]Khung_CTĐT_CNTT_K30 (2024)'!$B$10:$L$96,'Ke hoach giảng dạy CNTT'!H$6,0) -> 30 | I73: =VLOOKUP($D73,'[2]Khung_CTĐT_CNTT_K30 (2024)'!$B$10:$L$96,'Ke hoach giảng dạy CNTT'!I$6,0) -> 0 | J73: =VLOOKUP($D73,'[2]Khung_CTĐT_CNTT_K30 (2024)'!$B$10:$L$96,'Ke hoach giảng dạy CNTT'!J$6,0) -> 0 | K73: =VLOOKUP($D73,'[2]Khung_CTĐT_CNTT_K30 (2024)'!$B$10:$L$96,'Ke hoach giảng dạy CNTT'!K$6,0) -> TC309 | L73: =VLOOKUP($D73,'[2]Khung_CTĐT_CNTT_K30 (2024)'!$B$10:$L$96,'Ke hoach giảng dạy CNTT'!L$6,0) -> Không | M73: =VLOOKUP($D73,'[2]Khung_CTĐT_CNTT_K30 (2024)'!$B$10:$L$96,'Ke hoach giảng dạy CNTT'!M$6,0) -> Không | Q73: =Q72 -> 7 | R73: =IFERROR(VLOOKUP(D73,$D$9:D72,1,0),"")
B74: 1 | C74: 3 | D74: 71ITNW30403 | E74: =VLOOKUP($D74,'[2]Khung_CTĐT_CNTT_K30 (2024)'!$B$10:$L$96,'Ke hoach giảng dạy CNTT'!E$6,0) -> Lập trình Hệ thống nhúng và Mạng kết nối vạn vật | F74: =VLOOKUP($D74,'[2]Khung_CTĐT_CNTT_K30 (2024)'!$B$10:$L$96,'Ke hoach giảng dạy CNTT'!F$6,0) -> 3 | G74: =VLOOKUP($D74,'[2]Khung_CTĐT_CNTT_K30 (2024)'!$B$10:$L$96,'Ke hoach giảng dạy CNTT'!G$6,0) -> 30 | H74: =VLOOKUP($D74,'[2]Khung_CTĐT_CNTT_K30 (2024)'!$B$10:$L$96,'Ke hoach giảng dạy CNTT'!H$6,0) -> 30 | I74: =VLOOKUP($D74,'[2]Khung_CTĐT_CNTT_K30 (2024)'!$B$10:$L$96,'Ke hoach giảng dạy CNTT'!I$6,0) -> 0 | J74: =VLOOKUP($D74,'[2]Khung_CTĐT_CNTT_K30 (2024)'!$B$10:$L$96,'Ke hoach giảng dạy CNTT'!J$6,0) -> 0 | K74: =VLOOKUP($D74,'[2]Khung_CTĐT_CNTT_K30 (2024)'!$B$10:$L$96,'Ke hoach giảng dạy CNTT'!K$6,0) -> TC309 | L74: =VLOOKUP($D74,'[2]Khung_CTĐT_CNTT_K30 (2024)'!$B$10:$L$96,'Ke hoach giảng dạy CNTT'!L$6,0) -> Không | M74: =VLOOKUP($D74,'[2]Khung_CTĐT_CNTT_K30 (2024)'!$B$10:$L$96,'Ke hoach giảng dạy CNTT'!M$6,0) -> Không | Q74: =Q73 -> 7 | R74: =IFERROR(VLOOKUP(D74,$D$9:D73,1,0),"")
B75: 1 | Q75: =Q74 -> 7 | R75: =IFERROR(VLOOKUP(D75,$D$9:D74,1,0),"")
A76: HK262 8 | N76: =9+6 -> 15 | P76: =P59+N76 -> 110 | Q76: 8 | R76: =IFERROR(VLOOKUP(D76,$D$9:D75,1,0),"")
C77: Chuyên ngành CNPM | Q77: =Q76 -> 8 | R77: =IFERROR(VLOOKUP(D77,$D$9:D76,1,0),"")
B78: 2 | C78: 3 | D78: 71ITSE41403 | E78: =VLOOKUP($D78,'[2]Khung_CTĐT_CNTT_K30 (2024)'!$B$10:$L$96,'Ke hoach giảng dạy CNTT'!E$6,0) -> Lập trình Web nâng cao | F78: =VLOOKUP($D78,'[2]Khung_CTĐT_CNTT_K30 (2024)'!$B$10:$L$96,'Ke hoach giảng dạy CNTT'!F$6,0) -> 3 | G78: =VLOOKUP($D78,'[2]Khung_CTĐT_CNTT_K30 (2024)'!$B$10:$L$96,'Ke hoach giảng dạy CNTT'!G$6,0) -> 30 | H78: =VLOOKUP($D78,'[2]Khung_CTĐT_CNTT_K30 (2024)'!$B$10:$L$96,'Ke hoach giảng dạy CNTT'!H$6,0) -> 30 | I78: =VLOOKUP($D78,'[2]Khung_CTĐT_CNTT_K30 (2024)'!$B$10:$L$96,'Ke hoach giảng dạy CNTT'!I$6,0) -> 0 | J78: =VLOOKUP($D78,'[2]Khung_CTĐT_CNTT_K30 (2024)'!$B$10:$L$96,'Ke hoach giảng dạy CNTT'!J$6,0) -> 0 | K78: =VLOOKUP($D78,'[2]Khung_CTĐT_CNTT_K30 (2024)'!$B$10:$L$96,'Ke hoach giảng dạy CNTT'!K$6,0) -> BB | L78: =VLOOKUP($D78,'[2]Khung_CTĐT_CNTT_K30 (2024)'!$B$10:$L$96,'Ke hoach giảng dạy CNTT'!L$6,0) -> Không | M78: =VLOOKUP($D78,'[2]Khung_CTĐT_CNTT_K30 (2024)'!$B$10:$L$96,'Ke hoach giảng dạy CNTT'!M$6,0) -> [71ITSE30503]Lập trình ứng dụng web | Q78: =Q77 -> 8 | R78: =IFERROR(VLOOKUP(D78,$D$9:D77,1,0),"")
B79: 2 | C79: 3 | D79: 71ITSE41303 | E79: =VLOOKUP($D79,'[2]Khung_CTĐT_CNTT_K30 (2024)'!$B$10:$L$96,'Ke hoach giảng dạy CNTT'!E$6,0) -> Phân tích và thiết kế hệ thống theo Hướng đối tượng | F79: =VLOOKUP($D79,'[2]Khung_CTĐT_CNTT_K30 (2024)'!$B$10:$L$96,'Ke hoach giảng dạy CNTT'!F$6,0) -> 3 | G79: =VLOOKUP($D79,'[2]Khung_CTĐT_CNTT_K30 (2024)'!$B$10:$L$96,'Ke hoach giảng dạy CNTT'!G$6,0) -> 30 | H79: =VLOOKUP($D79,'[2]Khung_CTĐT_CNTT_K30 (2024)'!$B$10:$L$96,'Ke hoach giảng dạy CNTT'!H$6,0) -> 30 | I79: =VLOOKUP($D79,'[2]Khung_CTĐT_CNTT_K30 (2024)'!$B$10:$L$96,'Ke hoach giảng dạy CNTT'!I$6,0) -> 0 | J79: =VLOOKUP($D79,'[2]Khung_CTĐT_CNTT_K30 (2024)'!$B$10:$L$96,'Ke hoach giảng dạy CNTT'!J$6,0) -> 0 | K79: =VLOOKUP($D79,'[2]Khung_CTĐT_CNTT_K30 (2024)'!$B$10:$L$96,'Ke hoach giảng dạy CNTT'!K$6,0) -> BB | L79: =VLOOKUP($D79,'[2]Khung_CTĐT_CNTT_K30 (2024)'!$B$10:$L$96,'Ke hoach giảng dạy CNTT'!L$6,0) -> Không | M79: =VLOOKUP($D79,'[2]Khung_CTĐT_CNTT_K30 (2024)'!$B$10:$L$96,'Ke hoach giảng dạy CNTT'!M$6,0) -> [71ITSE41103]Kỹ thuật lấy yêu cầu | Q79: =Q78 -> 8 | R79: =IFERROR(VLOOKUP(D79,$D$9:D78,1,0),"")
B80: 2 | C80: 3 | D80: 71ITSE41503 | E80: =VLOOKUP($D80,'[2]Khung_CTĐT_CNTT_K30 (2024)'!$B$10:$L$96,'Ke hoach giảng dạy CNTT'!E$6,0) -> Quản lý dự án phần mềm | F80: =VLOOKUP($D80,'[2]Khung_CTĐT_CNTT_K30 (2024)'!$B$10:$L$96,'Ke hoach giảng dạy CNTT'!F$6,0) -> 3 | G80: =VLOOKUP($D80,'[2]Khung_CTĐT_CNTT_K30 (2024)'!$B$10:$L$96,'Ke hoach giảng dạy CNTT'!G$6,0) -> 30 | H80: =VLOOKUP($D80,'[2]Khung_CTĐT_CNTT_K30 (2024)'!$B$10:$L$96,'Ke hoach giảng dạy CNTT'!H$6,0) -> 30 | I80: =VLOOKUP($D80,'[2]Khung_CTĐT_CNTT_K30 (2024)'!$B$10:$L$96,'Ke hoach giảng dạy CNTT'!I$6,0) -> 0 | J80: =VLOOKUP($D80,'[2]Khung_CTĐT_CNTT_K30 (2024)'!$B$10:$L$96,'Ke hoach giảng dạy CNTT'!J$6,0) -> 0 | K80: =VLOOKUP($D80,'[2]Khung_CTĐT_CNTT_K30 (2024)'!$B$10:$L$96,'Ke hoach giảng dạy CNTT'!K$6,0) -> BB | L80: =VLOOKUP($D80,'[2]Khung_CTĐT_CNTT_K30 (2024)'!$B$10:$L$96,'Ke hoach giảng dạy CNTT'!L$6,0) -> Không | M80: =VLOOKUP($D80,'[2]Khung_CTĐT_CNTT_K30 (2024)'!$B$10:$L$96,'Ke hoach giảng dạy CNTT'!M$6,0) -> [71ITSE41103]Kỹ thuật lấy yêu cầu | Q80: =Q79 -> 8 | R80: =IFERROR(VLOOKUP(D80,$D$9:D79,1,0),"")
C81: Chuyên ngành CNDL | Q81: =Q80 -> 8 | R81: =IFERROR(VLOOKUP(D81,$D$9:D80,1,0),"")
B82: 2 | C82: 3 | D82: 71ITDS40403 | E82: =VLOOKUP($D82,'[2]Khung_CTĐT_CNTT_K30 (2024)'!$B$10:$L$96,'Ke hoach giảng dạy CNTT'!E$6,0) -> Số hóa và quản trị thông tin số | F82: =VLOOKUP($D82,'[2]Khung_CTĐT_CNTT_K30 (2024)'!$B$10:$L$96,'Ke hoach giảng dạy CNTT'!F$6,0) -> 3 | G82: =VLOOKUP($D82,'[2]Khung_CTĐT_CNTT_K30 (2024)'!$B$10:$L$96,'Ke hoach giảng dạy CNTT'!G$6,0) -> 30 | H82: =VLOOKUP($D82,'[2]Khung_CTĐT_CNTT_K30 (2024)'!$B$10:$L$96,'Ke hoach giảng dạy CNTT'!H$6,0) -> 30 | I82: =VLOOKUP($D82,'[2]Khung_CTĐT_CNTT_K30 (2024)'!$B$10:$L$96,'Ke hoach giảng dạy CNTT'!I$6,0) -> 0 | J82: =VLOOKUP($D82,'[2]Khung_CTĐT_CNTT_K30 (2024)'!$B$10:$L$96,'Ke hoach giảng dạy CNTT'!J$6,0) -> 0 | K82: =VLOOKUP($D82,'[2]Khung_CTĐT_CNTT_K30 (2024)'!$B$10:$L$96,'Ke hoach giảng dạy CNTT'!K$6,0) -> BB | L82: =VLOOKUP($D82,'[2]Khung_CTĐT_CNTT_K30 (2024)'!$B$10:$L$96,'Ke hoach giảng dạy CNTT'!L$6,0) -> Không | M82: =VLOOKUP($D82,'[2]Khung_CTĐT_CNTT_K30 (2024)'!$B$10:$L$96,'Ke hoach giảng dạy CNTT'!M$6,0) -> Không | Q82: =Q81 -> 8 | R82: =IFERROR(VLOOKUP(D82,$D$9:D81,1,0),"")
B83: 2 | C83: 3 | D83: 71ITAI40903 | E83: =VLOOKUP($D83,'[2]Khung_CTĐT_CNTT_K30 (2024)'!$B$10:$L$96,'Ke hoach giảng dạy CNTT'!E$6,0) -> Lập trình tính toán song song | F83: =VLOOKUP($D83,'[2]Khung_CTĐT_CNTT_K30 (2024)'!$B$10:$L$96,'Ke hoach giảng dạy CNTT'!F$6,0) -> 3 | G83: =VLOOKUP($D83,'[2]Khung_CTĐT_CNTT_K30 (2024)'!$B$10:$L$96,'Ke hoach giảng dạy CNTT'!G$6,0) -> 30 | H83: =VLOOKUP($D83,'[2]Khung_CTĐT_CNTT_K30 (2024)'!$B$10:$L$96,'Ke hoach giảng dạy CNTT'!H$6,0) -> 30 | I83: =VLOOKUP($D83,'[2]Khung_CTĐT_CNTT_K30 (2024)'!$B$10:$L$96,'Ke hoach giảng dạy CNTT'!I$6,0) -> 0 | J83: =VLOOKUP($D83,'[2]Khung_CTĐT_CNTT_K30 (2024)'!$B$10:$L$96,'Ke hoach giảng dạy CNTT'!J$6,0) -> 0 | K83: =VLOOKUP($D83,'[2]Khung_CTĐT_CNTT_K30 (2024)'!$B$10:$L$96,'Ke hoach giảng dạy CNTT'!K$6,0) -> BB | L83: =VLOOKUP($D83,'[2]Khung_CTĐT_CNTT_K30 (2024)'!$B$10:$L$96,'Ke hoach giảng dạy CNTT'!L$6,0) -> Không | M83: =VLOOKUP($D83,'[2]Khung_CTĐT_CNTT_K30 (2024)'!$B$10:$L$96,'Ke hoach giảng dạy CNTT'!M$6,0) -> [71ITSE30303]Cấu trúc dữ liệu và giải thuật | Q83: =Q82 -> 8 | R83: =IFERROR(VLOOKUP(D83,$D$9:D82,1,0),"")
B84: 2 | C84: 3 | D84: 71ITDS40503 | E84: =VLOOKUP($D84,'[2]Khung_CTĐT_CNTT_K30 (2024)'!$B$10:$L$96,'Ke hoach giảng dạy CNTT'!E$6,0) -> Mã hóa dữ liệu và chuỗi khối (Block chain) | F84: =VLOOKUP($D84,'[2]Khung_CTĐT_CNTT_K30 (2024)'!$B$10:$L$96,'Ke hoach giảng dạy CNTT'!F$6,0) -> 3 | G84: =VLOOKUP($D84,'[2]Khung_CTĐT_CNTT_K30 (2024)'!$B$10:$L$96,'Ke hoach giảng dạy CNTT'!G$6,0) -> 30 | H84: =VLOOKUP($D84,'[2]Khung_CTĐT_CNTT_K30 (2024)'!$B$10:$L$96,'Ke hoach giảng dạy CNTT'!H$6,0) -> 30 | I84: =VLOOKUP($D84,'[2]Khung_CTĐT_CNTT_K30 (2024)'!$B$10:$L$96,'Ke hoach giảng dạy CNTT'!I$6,0) -> 0 | J84: =VLOOKUP($D84,'[2]Khung_CTĐT_CNTT_K30 (2024)'!$B$10:$L$96,'Ke hoach giảng dạy CNTT'!J$6,0) -> 0 | K84: =VLOOKUP($D84,'[2]Khung_CTĐT_CNTT_K30 (2024)'!$B$10:$L$96,'Ke hoach giảng dạy CNTT'!K$6,0) -> BB | L84: =VLOOKUP($D84,'[2]Khung_CTĐT_CNTT_K30 (2024)'!$B$10:$L$96,'Ke hoach giảng dạy CNTT'!L$6,0) -> Không | M84: =VLOOKUP($D84,'[2]Khung_CTĐT_CNTT_K30 (2024)'!$B$10:$L$96,'Ke hoach giảng dạy CNTT'!M$6,0) -> [71ITIS30103]Cơ sở dữ liệu | Q84: =Q83 -> 8 | R84: =IFERROR(VLOOKUP(D84,$D$9:D83,1,0),"")
C85: Chuyên ngành Trí tuệ Nhân tạo | Q85: =Q84 -> 8 | R85: =IFERROR(VLOOKUP(D85,$D$9:D84,1,0),"")
B86: 2 | C86: 3 | D86: 71ITAI40603 | E86: =VLOOKUP($D86,'[2]Khung_CTĐT_CNTT_K30 (2024)'!$B$10:$L$96,'Ke hoach giảng dạy CNTT'!E$6,0) -> Thị giác máy tính | F86: =VLOOKUP($D86,'[2]Khung_CTĐT_CNTT_K30 (2024)'!$B$10:$L$96,'Ke hoach giảng dạy CNTT'!F$6,0) -> 3 | G86: =VLOOKUP($D86,'[2]Khung_CTĐT_CNTT_K30 (2024)'!$B$10:$L$96,'Ke hoach giảng dạy CNTT'!G$6,0) -> 30 | H86: =VLOOKUP($D86,'[2]Khung_CTĐT_CNTT_K30 (2024)'!$B$10:$L$96,'Ke hoach giảng dạy CNTT'!H$6,0) -> 30 | I86: =VLOOKUP($D86,'[2]Khung_CTĐT_CNTT_K30 (2024)'!$B$10:$L$96,'Ke hoach giảng dạy CNTT'!I$6,0) -> 0 | J86: =VLOOKUP($D86,'[2]Khung_CTĐT_CNTT_K30 (2024)'!$B$10:$L$96,'Ke hoach giảng dạy CNTT'!J$6,0) -> 0 | K86: =VLOOKUP($D86,'[2]Khung_CTĐT_CNTT_K30 (2024)'!$B$10:$L$96,'Ke hoach giảng dạy CNTT'!K$6,0) -> BB | L86: =VLOOKUP($D86,'[2]Khung_CTĐT_CNTT_K30 (2024)'!$B$10:$L$96,'Ke hoach giảng dạy CNTT'!L$6,0) -> Không | M86: =VLOOKUP($D86,'[2]Khung_CTĐT_CNTT_K30 (2024)'!$B$10:$L$96,'Ke hoach giảng dạy CNTT'!M$6,0) -> [71ITAI41203]Học máy và ứng dụng | Q86: =Q85 -> 8 | R86: =IFERROR(VLOOKUP(D86,$D$9:D85,1,0),"")
B87: 2 | C87: 3 | D87: 71ITAI40403 | E87: =VLOOKUP($D87,'[2]Khung_CTĐT_CNTT_K30 (2024)'!$B$10:$L$96,'Ke hoach giảng dạy CNTT'!E$6,0) -> Giới thiệu về học sâu | F87: =VLOOKUP($D87,'[2]Khung_CTĐT_CNTT_K30 (2024)'!$B$10:$L$96,'Ke hoach giảng dạy CNTT'!F$6,0) -> 3 | G87: =VLOOKUP($D87,'[2]Khung_CTĐT_CNTT_K30 (2024)'!$B$10:$L$96,'Ke hoach giảng dạy CNTT'!G$6,0) -> 30 | H87: =VLOOKUP($D87,'[2]Khung_CTĐT_CNTT_K30 (2024)'!$B$10:$L$96,'Ke hoach giảng dạy CNTT'!H$6,0) -> 30 | I87: =VLOOKUP($D87,'[2]Khung_CTĐT_CNTT_K30 (2024)'!$B$10:$L$96,'Ke hoach giảng dạy CNTT'!I$6,0) -> 0 | J87: =VLOOKUP($D87,'[2]Khung_CTĐT_CNTT_K30 (2024)'!$B$10:$L$96,'Ke hoach giảng dạy CNTT'!J$6,0) -> 0 | K87: =VLOOKUP($D87,'[2]Khung_CTĐT_CNTT_K30 (2024)'!$B$10:$L$96,'Ke hoach giảng dạy CNTT'!K$6,0) -> BB | L87: =VLOOKUP($D87,'[2]Khung_CTĐT_CNTT_K30 (2024)'!$B$10:$L$96,'Ke hoach giảng dạy CNTT'!L$6,0) -> Không | M87: =VLOOKUP($D87,'[2]Khung_CTĐT_CNTT_K30 (2024)'!$B$10:$L$96,'Ke hoach giảng dạy CNTT'!M$6,0) -> [71ITAI40503]Trí tuệ nhân tạo ứng dụng | Q87: =Q86 -> 8 | R87: =IFERROR(VLOOKUP(D87,$D$9:D86,1,0),"")
B88: 2 | C88: 3 | D88: 71ITAI41303 | E88: =VLOOKUP($D88,'[2]Khung_CTĐT_CNTT_K30 (2024)'!$B$10:$L$96,'Ke hoach giảng dạy CNTT'!E$6,0) -> Các công cụ và nền tảng cho trí tuệ nhân tạo | F88: =VLOOKUP($D88,'[2]Khung_CTĐT_CNTT_K30 (2024)'!$B$10:$L$96,'Ke hoach giảng dạy CNTT'!F$6,0) -> 3 | G88: =VLOOKUP($D88,'[2]Khung_CTĐT_CNTT_K30 (2024)'!$B$10:$L$96,'Ke hoach giảng dạy CNTT'!G$6,0) -> 30 | H88: =VLOOKUP($D88,'[2]Khung_CTĐT_CNTT_K30 (2024)'!$B$10:$L$96,'Ke hoach giảng dạy CNTT'!H$6,0) -> 30 | I88: =VLOOKUP($D88,'[2]Khung_CTĐT_CNTT_K30 (2024)'!$B$10:$L$96,'Ke hoach giảng dạy CNTT'!I$6,0) -> 0 | J88: =VLOOKUP($D88,'[2]Khung_CTĐT_CNTT_K30 (2024)'!$B$10:$L$96,'Ke hoach giảng dạy CNTT'!J$6,0) -> 0 | K88: =VLOOKUP($D88,'[2]Khung_CTĐT_CNTT_K30 (2024)'!$B$10:$L$96,'Ke hoach giảng dạy CNTT'!K$6,0) -> BB | L88: =VLOOKUP($D88,'[2]Khung_CTĐT_CNTT_K30 (2024)'!$B$10:$L$96,'Ke hoach giảng dạy CNTT'!L$6,0) -> Không | M88: =VLOOKUP($D88,'[2]Khung_CTĐT_CNTT_K30 (2024)'!$B$10:$L$96,'Ke hoach giảng dạy CNTT'!M$6,0) -> Không | Q88: =Q87 -> 8 | R88: =IFERROR(VLOOKUP(D88,$D$9:D87,1,0),"")
C89: Chọn 2 trong 4 HP tự chọn Chuyên ngành sau | Q89: =Q88 -> 8 | R89: =IFERROR(VLOOKUP(D89,$D$9:D88,1,0),"")
B90: 2 | C90: 3 | D90: 71ITSE30703 | E90: =VLOOKUP($D90,'[2]Khung_CTĐT_CNTT_K30 (2024)'!$B$10:$L$96,'Ke hoach giảng dạy CNTT'!E$6,0) -> Lập trình di động nâng cao | F90: =VLOOKUP($D90,'[2]Khung_CTĐT_CNTT_K30 (2024)'!$B$10:$L$96,'Ke hoach giảng dạy CNTT'!F$6,0) -> 3 | G90: =VLOOKUP($D90,'[2]Khung_CTĐT_CNTT_K30 (2024)'!$B$10:$L$96,'Ke hoach giảng dạy CNTT'!G$6,0) -> 30 | H90: =VLOOKUP($D90,'[2]Khung_CTĐT_CNTT_K30 (2024)'!$B$10:$L$96,'Ke hoach giảng dạy CNTT'!H$6,0) -> 30 | I90: =VLOOKUP($D90,'[2]Khung_CTĐT_CNTT_K30 (2024)'!$B$10:$L$96,'Ke hoach giảng dạy CNTT'!I$6,0) -> 0 | J90: =VLOOKUP($D90,'[2]Khung_CTĐT_CNTT_K30 (2024)'!$B$10:$L$96,'Ke hoach giảng dạy CNTT'!J$6,0) -> 0 | K90: =VLOOKUP($D90,'[2]Khung_CTĐT_CNTT_K30 (2024)'!$B$10:$L$96,'Ke hoach giảng dạy CNTT'!K$6,0) -> TC309 | L90: =VLOOKUP($D90,'[2]Khung_CTĐT_CNTT_K30 (2024)'!$B$10:$L$96,'Ke hoach giảng dạy CNTT'!L$6,0) -> Không | M90: =VLOOKUP($D90,'[2]Khung_CTĐT_CNTT_K30 (2024)'!$B$10:$L$96,'Ke hoach giảng dạy CNTT'!M$6,0) -> [71ITSE30603]Lập trình ứng dụng di động | Q90: =Q89 -> 8 | R90: =IFERROR(VLOOKUP(D90,$D$9:D89,1,0),"")
B91: 2 | C91: 3 | D91: 71ITSE31003 | E91: =VLOOKUP($D91,'[2]Khung_CTĐT_CNTT_K30 (2024)'!$B$10:$L$96,'Ke hoach giảng dạy CNTT'!E$6,0) -> Lập trình Python nâng cao | F91: =VLOOKUP($D91,'[2]Khung_CTĐT_CNTT_K30 (2024)'!$B$10:$L$96,'Ke hoach giảng dạy CNTT'!F$6,0) -> 3 | G91: =VLOOKUP($D91,'[2]Khung_CTĐT_CNTT_K30 (2024)'!$B$10:$L$96,'Ke hoach giảng dạy CNTT'!G$6,0) -> 30 | H91: =VLOOKUP($D91,'[2]Khung_CTĐT_CNTT_K30 (2024)'!$B$10:$L$96,'Ke hoach giảng dạy CNTT'!H$6,0) -> 30 | I91: =VLOOKUP($D91,'[2]Khung_CTĐT_CNTT_K30 (2024)'!$B$10:$L$96,'Ke hoach giảng dạy CNTT'!I$6,0) -> 0 | J91: =VLOOKUP($D91,'[2]Khung_CTĐT_CNTT_K30 (2024)'!$B$10:$L$96,'Ke hoach giảng dạy CNTT'!J$6,0) -> 0 | K91: =VLOOKUP($D91,'[2]Khung_CTĐT_CNTT_K30 (2024)'!$B$10:$L$96,'Ke hoach giảng dạy CNTT'!K$6,0) -> TC309 | L91: =VLOOKUP($D91,'[2]Khung_CTĐT_CNTT_K30 (2024)'!$B$10:$L$96,'Ke hoach giảng dạy CNTT'!L$6,0) -> Không | M91: =VLOOKUP($D91,'[2]Khung_CTĐT_CNTT_K30 (2024)'!$B$10:$L$96,'Ke hoach giảng dạy CNTT'!M$6,0) -> Không | Q91: =Q90 -> 8 | R91: =IFERROR(VLOOKUP(D91,$D$9:D90,1,0),"")
B92: 2 | C92: 3 | D92: 71ITSE30803 | E92: =VLOOKUP($D92,'[2]Khung_CTĐT_CNTT_K30 (2024)'!$B$10:$L$96,'Ke hoach giảng dạy CNTT'!E$6,0) -> Lập trình Java nâng cao | F92: =VLOOKUP($D92,'[2]Khung_CTĐT_CNTT_K30 (2024)'!$B$10:$L$96,'Ke hoach giảng dạy CNTT'!F$6,0) -> 3 | G92: =VLOOKUP($D92,'[2]Khung_CTĐT_CNTT_K30 (2024)'!$B$10:$L$96,'Ke hoach giảng dạy CNTT'!G$6,0) -> 30 | H92: =VLOOKUP($D92,'[2]Khung_CTĐT_CNTT_K30 (2024)'!$B$10:$L$96,'Ke hoach giảng dạy CNTT'!H$6,0) -> 30 | I92: =VLOOKUP($D92,'[2]Khung_CTĐT_CNTT_K30 (2024)'!$B$10:$L$96,'Ke hoach giảng dạy CNTT'!I$6,0) -> 0 | J92: =VLOOKUP($D92,'[2]Khung_CTĐT_CNTT_K30 (2024)'!$B$10:$L$96,'Ke hoach giảng dạy CNTT'!J$6,0) -> 0 | K92: =VLOOKUP($D92,'[2]Khung_CTĐT_CNTT_K30 (2024)'!$B$10:$L$96,'Ke hoach giảng dạy CNTT'!K$6,0) -> TC309 | L92: =VLOOKUP($D92,'[2]Khung_CTĐT_CNTT_K30 (2024)'!$B$10:$L$96,'Ke hoach giảng dạy CNTT'!L$6,0) -> Không | M92: =VLOOKUP($D92,'[2]Khung_CTĐT_CNTT_K30 (2024)'!$B$10:$L$96,'Ke hoach giảng dạy CNTT'!M$6,0) -> [71ITSE30403]Lập trình ứng dụng Java | Q92: =Q91 -> 8 | R92: =IFERROR(VLOOKUP(D92,$D$9:D91,1,0),"")
B93: 2 | C93: 3 | D93: 71ITSE41603 | E93: =VLOOKUP($D93,'[2]Khung_CTĐT_CNTT_K30 (2024)'!$B$10:$L$96,'Ke hoach giảng dạy CNTT'!E$6,0) -> Kiểm thử tự động | F93: =VLOOKUP($D93,'[2]Khung_CTĐT_CNTT_K30 (2024)'!$B$10:$L$96,'Ke hoach giảng dạy CNTT'!F$6,0) -> 3 | G93: =VLOOKUP($D93,'[2]Khung_CTĐT_CNTT_K30 (2024)'!$B$10:$L$96,'Ke hoach giảng dạy CNTT'!G$6,0) -> 30 | H93: =VLOOKUP($D93,'[2]Khung_CTĐT_CNTT_K30 (2024)'!$B$10:$L$96,'Ke hoach giảng dạy CNTT'!H$6,0) -> 30 | I93: =VLOOKUP($D93,'[2]Khung_CTĐT_CNTT_K30 (2024)'!$B$10:$L$96,'Ke hoach giảng dạy CNTT'!I$6,0) -> 0 | J93: =VLOOKUP($D93,'[2]Khung_CTĐT_CNTT_K30 (2024)'!$B$10:$L$96,'Ke hoach giảng dạy CNTT'!J$6,0) -> 0 | K93: =VLOOKUP($D93,'[2]Khung_CTĐT_CNTT_K30 (2024)'!$B$10:$L$96,'Ke hoach giảng dạy CNTT'!K$6,0) -> TC309 | L93: =VLOOKUP($D93,'[2]Khung_CTĐT_CNTT_K30 (2024)'!$B$10:$L$96,'Ke hoach giảng dạy CNTT'!L$6,0) -> Không | M93: =VLOOKUP($D93,'[2]Khung_CTĐT_CNTT_K30 (2024)'!$B$10:$L$96,'Ke hoach giảng dạy CNTT'!M$6,0) -> [71ITSE41203]Kiểm thử phần mềm | Q93: =Q92 -> 8 | R93: =IFERROR(VLOOKUP(D93,$D$9:D92,1,0),"")
A94: HK263 9 | B94: 3 | C94: 3 | D94: 71POLC10052 | E94: =VLOOKUP($D94,'[2]Khung_CTĐT_CNTT_K30 (2024)'!$B$10:$L$96,'Ke hoach giảng dạy CNTT'!E$6,0) -> Lịch sử Đảng Cộng sản Việt Nam | F94: =VLOOKUP($D94,'[2]Khung_CTĐT_CNTT_K30 (2024)'!$B$10:$L$96,'Ke hoach giảng dạy CNTT'!F$6,0) -> 2 | G94: =VLOOKUP($D94,'[2]Khung_CTĐT_CNTT_K30 (2024)'!$B$10:$L$96,'Ke hoach giảng dạy CNTT'!G$6,0) -> 30 | H94: =VLOOKUP($D94,'[2]Khung_CTĐT_CNTT_K30 (2024)'!$B$10:$L$96,'Ke hoach giảng dạy CNTT'!H$6,0) -> 0 | I94: =VLOOKUP($D94,'[2]Khung_CTĐT_CNTT_K30 (2024)'!$B$10:$L$96,'Ke hoach giảng dạy CNTT'!I$6,0) -> 0 | J94: =VLOOKUP($D94,'[2]Khung_CTĐT_CNTT_K30 (2024)'!$B$10:$L$96,'Ke hoach giảng dạy CNTT'!J$6,0) -> 0 | K94: =VLOOKUP($D94,'[2]Khung_CTĐT_CNTT_K30 (2024)'!$B$10:$L$96,'Ke hoach giảng dạy CNTT'!K$6,0) -> BB | L94: =VLOOKUP($D94,'[2]Khung_CTĐT_CNTT_K30 (2024)'!$B$10:$L$96,'Ke hoach giảng dạy CNTT'!L$6,0) -> Không | M94: =VLOOKUP($D94,'[2]Khung_CTĐT_CNTT_K30 (2024)'!$B$10:$L$96,'Ke hoach giảng dạy CNTT'!M$6,0) -> [71POLE10022]Kinh tế chính trị Mác-Lênin, [71POLS10032]Chủ nghĩa xã hội khoa học | N94: =SUM(F94:F97) -> 10 | P94: =P76+N94 -> 120 | Q94: 9 | R94: =IFERROR(VLOOKUP(D94,$D$9:D93,1,0),"")
B95: 3 | C95: 3 | D95: 71POLH10042 | E95: =VLOOKUP($D95,'[2]Khung_CTĐT_CNTT_K30 (2024)'!$B$10:$L$96,'Ke hoach giảng dạy CNTT'!E$6,0) -> Tư tưởng Hồ Chí Minh | F95: =VLOOKUP($D95,'[2]Khung_CTĐT_CNTT_K30 (2024)'!$B$10:$L$96,'Ke hoach giảng dạy CNTT'!F$6,0) -> 2 | G95: =VLOOKUP($D95,'[2]Khung_CTĐT_CNTT_K30 (2024)'!$B$10:$L$96,'Ke hoach giảng dạy CNTT'!G$6,0) -> 30 | H95: =VLOOKUP($D95,'[2]Khung_CTĐT_CNTT_K30 (2024)'!$B$10:$L$96,'Ke hoach giảng dạy CNTT'!H$6,0) -> 0 | I95: =VLOOKUP($D95,'[2]Khung_CTĐT_CNTT_K30 (2024)'!$B$10:$L$96,'Ke hoach giảng dạy CNTT'!I$6,0) -> 0 | J95: =VLOOKUP($D95,'[2]Khung_CTĐT_CNTT_K30 (2024)'!$B$10:$L$96,'Ke hoach giảng dạy CNTT'!J$6,0) -> 0 | K95: =VLOOKUP($D95,'[2]Khung_CTĐT_CNTT_K30 (2024)'!$B$10:$L$96,'Ke hoach giảng dạy CNTT'!K$6,0) -> BB | L95: =VLOOKUP($D95,'[2]Khung_CTĐT_CNTT_K30 (2024)'!$B$10:$L$96,'Ke hoach giảng dạy CNTT'!L$6,0) -> Không | M95: =VLOOKUP($D95,'[2]Khung_CTĐT_CNTT_K30 (2024)'!$B$10:$L$96,'Ke hoach giảng dạy CNTT'!M$6,0) -> [71POLE10022]Kinh tế chính trị Mác-Lênin, [71POLS10032]Chủ nghĩa xã hội khoa học | Q95: 9 | R95: =IFERROR(VLOOKUP(D95,$D$9:D93,1,0),"")
B96: 3 | C96: 3 | D96: 71ENVH10012 | E96: =VLOOKUP($D96,'[2]Khung_CTĐT_CNTT_K30 (2024)'!$B$10:$L$96,'Ke hoach giảng dạy CNTT'!E$6,0) -> Môi trường và con người | F96: =VLOOKUP($D96,'[2]Khung_CTĐT_CNTT_K30 (2024)'!$B$10:$L$96,'Ke hoach giảng dạy CNTT'!F$6,0) -> 2 | G96: =VLOOKUP($D96,'[2]Khung_CTĐT_CNTT_K30 (2024)'!$B$10:$L$96,'Ke hoach giảng dạy CNTT'!G$6,0) -> 30 | H96: =VLOOKUP($D96,'[2]Khung_CTĐT_CNTT_K30 (2024)'!$B$10:$L$96,'Ke hoach giảng dạy CNTT'!H$6,0) -> 0 | I96: =VLOOKUP($D96,'[2]Khung_CTĐT_CNTT_K30 (2024)'!$B$10:$L$96,'Ke hoach giảng dạy CNTT'!I$6,0) -> 0 | J96: =VLOOKUP($D96,'[2]Khung_CTĐT_CNTT_K30 (2024)'!$B$10:$L$96,'Ke hoach giảng dạy CNTT'!J$6,0) -> 0 | K96: =VLOOKUP($D96,'[2]Khung_CTĐT_CNTT_K30 (2024)'!$B$10:$L$96,'Ke hoach giảng dạy CNTT'!K$6,0) -> BB | L96: =VLOOKUP($D96,'[2]Khung_CTĐT_CNTT_K30 (2024)'!$B$10:$L$96,'Ke hoach giảng dạy CNTT'!L$6,0) -> Không | M96: =VLOOKUP($D96,'[2]Khung_CTĐT_CNTT_K30 (2024)'!$B$10:$L$96,'Ke hoach giảng dạy CNTT'!M$6,0) -> Không | Q96: =Q94 -> 9 | R96: =IFERROR(VLOOKUP(D96,$D$9:D94,1,0),"")
B97: 3 | C97: 3 | D97: 71ITIN40304 | E97: =VLOOKUP($D97,'[2]Khung_CTĐT_CNTT_K30 (2024)'!$B$10:$L$96,'Ke hoach giảng dạy CNTT'!E$6,0) -> Đồ án thực tập | F97: =VLOOKUP($D97,'[2]Khung_CTĐT_CNTT_K30 (2024)'!$B$10:$L$96,'Ke hoach giảng dạy CNTT'!F$6,0) -> 4 | G97: =VLOOKUP($D97,'[2]Khung_CTĐT_CNTT_K30 (2024)'!$B$10:$L$96,'Ke hoach giảng dạy CNTT'!G$6,0) -> 0 | H97: =VLOOKUP($D97,'[2]Khung_CTĐT_CNTT_K30 (2024)'!$B$10:$L$96,'Ke hoach giảng dạy CNTT'!H$6,0) -> 0 | I97: =VLOOKUP($D97,'[2]Khung_CTĐT_CNTT_K30 (2024)'!$B$10:$L$96,'Ke hoach giảng dạy CNTT'!I$6,0) -> 0 | J97: =VLOOKUP($D97,'[2]Khung_CTĐT_CNTT_K30 (2024)'!$B$10:$L$96,'Ke hoach giảng dạy CNTT'!J$6,0) -> 180 | K97: =VLOOKUP($D97,'[2]Khung_CTĐT_CNTT_K30 (2024)'!$B$10:$L$96,'Ke hoach giảng dạy CNTT'!K$6,0) -> BB | L97: =VLOOKUP($D97,'[2]Khung_CTĐT_CNTT_K30 (2024)'!$B$10:$L$96,'Ke hoach giảng dạy CNTT'!L$6,0) -> Không | M97: =VLOOKUP($D97,'[2]Khung_CTĐT_CNTT_K30 (2024)'!$B$10:$L$96,'Ke hoach giảng dạy CNTT'!M$6,0) -> [71ITSE30103] Kỹ thuật lập trình | Q97: =Q96 -> 9 | R97: =IFERROR(VLOOKUP(D97,$D$9:D96,1,0),"")
A98: HK271 10 | B98: 1 | N98: =SUM(F98:F100) -> 6 | P98: =P94+N98 -> 126 | Q98: 10 | R98: =IFERROR(VLOOKUP(D98,$D$9:D97,1,0),"")
B99: 1 | Q99: =Q98 -> 10 | R99: =IFERROR(VLOOKUP(D99,$D$9:D98,1,0),"")
B100: 1 | C100: 4 | D100: 71ITGR40206 | E100: =VLOOKUP($D100,'[2]Khung_CTĐT_CNTT_K30 (2024)'!$B$10:$L$96,'Ke hoach giảng dạy CNTT'!E$6,0) -> Đồ án Tốt nghiệp | F100: =VLOOKUP($D100,'[2]Khung_CTĐT_CNTT_K30 (2024)'!$B$10:$L$96,'Ke hoach giảng dạy CNTT'!F$6,0) -> 6 | G100: =VLOOKUP($D100,'[2]Khung_CTĐT_CNTT_K30 (2024)'!$B$10:$L$96,'Ke hoach giảng dạy CNTT'!G$6,0) -> 0 | H100: =VLOOKUP($D100,'[2]Khung_CTĐT_CNTT_K30 (2024)'!$B$10:$L$96,'Ke hoach giảng dạy CNTT'!H$6,0) -> 0 | I100: =VLOOKUP($D100,'[2]Khung_CTĐT_CNTT_K30 (2024)'!$B$10:$L$96,'Ke hoach giảng dạy CNTT'!I$6,0) -> 270 | J100: =VLOOKUP($D100,'[2]Khung_CTĐT_CNTT_K30 (2024)'!$B$10:$L$96,'Ke hoach giảng dạy CNTT'!J$6,0) -> 0 | K100: =VLOOKUP($D100,'[2]Khung_CTĐT_CNTT_K30 (2024)'!$B$10:$L$96,'Ke hoach giảng dạy CNTT'!K$6,0) -> TC406 | L100: =VLOOKUP($D100,'[2]Khung_CTĐT_CNTT_K30 (2024)'!$B$10:$L$96,'Ke hoach giảng dạy CNTT'!L$6,0) -> Không | M100: =VLOOKUP($D100,'[2]Khung_CTĐT_CNTT_K30 (2024)'!$B$10:$L$96,'Ke hoach giảng dạy CNTT'!M$6,0) -> Dựa theo quy định cụ thể của Khoa về Triển khai Học và làm ĐATN | Q100: =Q99 -> 10 | R100: =IFERROR(VLOOKUP(D100,$D$9:D99,1,0),"")
B101: 1 | C101: 4 | D101: 71ITGR40203 | E101: =VLOOKUP($D101,'[2]Khung_CTĐT_CNTT_K30 (2024)'!$B$10:$L$96,'Ke hoach giảng dạy CNTT'!E$6,0) -> Chuyên đề Tốt nghiệp 1 | F101: =VLOOKUP($D101,'[2]Khung_CTĐT_CNTT_K30 (2024)'!$B$10:$L$96,'Ke hoach giảng dạy CNTT'!F$6,0) -> 3 | G101: =VLOOKUP($D101,'[2]Khung_CTĐT_CNTT_K30 (2024)'!$B$10:$L$96,'Ke hoach giảng dạy CNTT'!G$6,0) -> 0 | H101: =VLOOKUP($D101,'[2]Khung_CTĐT_CNTT_K30 (2024)'!$B$10:$L$96,'Ke hoach giảng dạy CNTT'!H$6,0) -> 0 | I101: =VLOOKUP($D101,'[2]Khung_CTĐT_CNTT_K30 (2024)'!$B$10:$L$96,'Ke hoach giảng dạy CNTT'!I$6,0) -> 180 | J101: =VLOOKUP($D101,'[2]Khung_CTĐT_CNTT_K30 (2024)'!$B$10:$L$96,'Ke hoach giảng dạy CNTT'!J$6,0) -> 0 | K101: =VLOOKUP($D101,'[2]Khung_CTĐT_CNTT_K30 (2024)'!$B$10:$L$96,'Ke hoach giảng dạy CNTT'!K$6,0) -> TC406 | L101: =VLOOKUP($D101,'[2]Khung_CTĐT_CNTT_K30 (2024)'!$B$10:$L$96,'Ke hoach giảng dạy CNTT'!L$6,0) -> Không | M101: =VLOOKUP($D101,'[2]Khung_CTĐT_CNTT_K30 (2024)'!$B$10:$L$96,'Ke hoach giảng dạy CNTT'!M$6,0) -> Dựa theo quy định cụ thể của Khoa về Triển khai Học và làm ĐATN | Q101: =Q100 -> 10 | R101: =IFERROR(VLOOKUP(D101,$D$9:D100,1,0),"")
B102: 1 | C102: 4 | D102: 71ITGR40303 | E102: =VLOOKUP($D102,'[2]Khung_CTĐT_CNTT_K30 (2024)'!$B$10:$L$96,'Ke hoach giảng dạy CNTT'!E$6,0) -> Chuyên đề Tốt nghiệp 2 | F102: =VLOOKUP($D102,'[2]Khung_CTĐT_CNTT_K30 (2024)'!$B$10:$L$96,'Ke hoach giảng dạy CNTT'!F$6,0) -> 3 | G102: =VLOOKUP($D102,'[2]Khung_CTĐT_CNTT_K30 (2024)'!$B$10:$L$96,'Ke hoach giảng dạy CNTT'!G$6,0) -> 0 | H102: =VLOOKUP($D102,'[2]Khung_CTĐT_CNTT_K30 (2024)'!$B$10:$L$96,'Ke hoach giảng dạy CNTT'!H$6,0) -> 0 | I102: =VLOOKUP($D102,'[2]Khung_CTĐT_CNTT_K30 (2024)'!$B$10:$L$96,'Ke hoach giảng dạy CNTT'!I$6,0) -> 180 | J102: =VLOOKUP($D102,'[2]Khung_CTĐT_CNTT_K30 (2024)'!$B$10:$L$96,'Ke hoach giảng dạy CNTT'!J$6,0) -> 0 | K102: =VLOOKUP($D102,'[2]Khung_CTĐT_CNTT_K30 (2024)'!$B$10:$L$96,'Ke hoach giảng dạy CNTT'!K$6,0) -> TC406 | L102: =VLOOKUP($D102,'[2]Khung_CTĐT_CNTT_K30 (2024)'!$B$10:$L$96,'Ke hoach giảng dạy CNTT'!L$6,0) -> Không | M102: =VLOOKUP($D102,'[2]Khung_CTĐT_CNTT_K30 (2024)'!$B$10:$L$96,'Ke hoach giảng dạy CNTT'!M$6,0) -> Dựa theo quy định cụ thể của Khoa về Triển khai Học và làm ĐATN | Q102: =Q101 -> 10 | R102: =IFERROR(VLOOKUP(D102,$D$9:D101,1,0),"")
...

Sheet MaBoMon
A1: TRƯỜNG ĐẠI HỌC VĂN LANG PHÒNG ĐÀO TẠO
A2: DANH MỤC BỘ MÔN THEO TỜ TRÌNH ĐÃ ĐƯỢC HIỆU TRƯỞNG PHÊ DUYỆT (Theo tờ trình số 01/TTr-ĐHVL-BCL, ngày 27 tháng 02 năm 2021)
A4: STT | B4: Mã Bộ môn | C4: Tên Bộ môn | D4: Mã đơn vị | E4: Tên đơn vị | F4: Ghi chú
A5: 1 | B5: 200110101 | C5: Bộ môn Kế toán quản trị | D5: 2001101 | E5: Khoa Kế toán - Kiểm toán
A6: 2 | B6: 200110102 | C6: Bộ môn Kế toán tài chính và Thực hành kế toán | D6: 2001101 | E6: Khoa Kế toán - Kiểm toán
A7: 3 | B7: 200110103 | C7: Bộ môn Nguyên lý kế toán và Kiểm toán | D7: 2001101 | E7: Khoa Kế toán - Kiểm toán
A8: 4 | B8: 200110201 | C8: Bộ môn Luật Hiến pháp - Hành chính | D8: 2001102 | E8: Khoa Luật
A9: 5 | B9: 200110202 | C9: Bộ môn Luật Quốc tế | D9: 2001102 | E9: Khoa Luật
A10: 6 | B10: 200110203 | C10: Bộ môn Luật Thương mại - Dân sự | D10: 2001102 | E10: Khoa Luật
A11: 7 | B11: 200110204 | C11: Bộ môn Luật hình sự | D11: 2001102 | E11: Khoa Luật
A12: 8 | B12: 200110301 | C12: Bộ môn Kỹ năng ngôn ngữ | D12: 2001103 | E12: Khoa Ngoại ngữ
A13: 9 | B13: 200110302 | C13: Bộ môn Ngoại ngữ 2 Và Ngôn Ngữ Trung | D13: 2001103 | E13: Khoa Ngoại ngữ
A14: 10 | B14: 200110303 | C14: Bộ môn Ngôn ngữ chuyên ngành | D14: 2001103 | E14: Khoa Ngoại ngữ
A15: 11 | B15: 200110304 | C15: Bộ môn Chương trình đào tạo đặc biệt & liên kết quốc tế | D15: 2001103 | E15: Khoa Ngoại ngữ
A16: 12 | B16: 200110401 | C16: Bộ môn Quản Trị Chất Lượng | D16: 2001104 | E16: Khoa Quản trị kinh doanh
... A97: 93 | B97: 200113301 | C97: Bộ môn Giáo dục quốc phòng và an ninh | D97: 2001133 | E97: Phòng Giáo dục Quốc phòng và An ninh
A98: 94 | B98: 200113501 | C98: Bộ môn Giáo dục thể chất | D98: 2001135 | E98: Trung tâm thể dục thể thao
E101: Cập nhật ngày 02 tháng 7 năm 2021 (Theo dữ liệu HRM cung cấp)
